Ticket,Year,accountants,accounting,acquire,acquired,acquirers,acquiring,acquisition,acquisitions,activist,advertise,advertised,advertising,affiliates,afford,affordably,afforded,affording,alternative,alternatives,analysis,analyst,analysts,analytics,anticorruption,antitrust,appeal,appealing,assur,assurance,assurances,assure,assured,attorney,attorneys,audience,audit,audited,auditing,auditor,auditors,audits,authorities,authority,bank,banking,bankruptcy,banks,barriers,behavior,behaviors,bilateral,bond,bonds,borrow,borrowed,borrowers,borrowing,borrowings,boycott,brand,branded,brands,bribery,bribing,budget,budgeting,budgets,business,businesses,buy,buyer,buyers,buying,bylaws,calamities,capacities,capacity,carbon,career,cash,cashless,climate,climates,coal,collaborate,commercial,commercialization,comparable,comparables,competes,competing,competition,competitive,competitiveness,competitor,competitors,compliance,compliant,conflict,conflicts,consolidate,consolidated,consolidating,consolidation,consolidations,consumer,consumers,contaminants,contaminate,contaminated,contamination,cooperated,cooperation,corrupt,corruption,credit,creditor,creditors,creditworthiness,creditworthy,crime,criminal,customer,customers,cyber,cyberattack,cyberattacks,cybersecurity,data,databases,debt,debts,deconsolidate,deconsolidated,deconsolidation,default,defendant,deflation,deforestation,demand,demands,demographic,demographics,deplete,depleting,deregulation,design,designed,designing,digital,dioxide,discrimination,discriminatory,dispute,disputes,distributor,distributors,diversification,diversified,diversifying,diversity,dividend,dividends,downgrade,downgraded,drought,droughts,earnings,earthquake,earthquakes,ebitda,ecommerce,ects,elasticity,emission,emissions,employee,employees,energy,environment,environmental,environmentally,epa,epidemic,epidemics,equitable,equity,ethical,ethics,expand,expanded,expanding,expansion,expansions,expenditure,expenditures,expense,expenses,expensive,fda,fdca,finance,financed,financial,financially,financing,financings,fiscal,flood,flooding,floods,fraud,fraudulent,fraudulently,ftc,funding,funds,governance,green,greenhouse,growth,h1n1,hacker,hackers,hacktivist,hacktivists,hedge,hedged,hedges,hedging,hurricanes,impose,imposed,imposes,imposing,inflation,inflationary,influenza,innovation,innovations,innovative,inorganic,insolvency,insolvent,insurance,insure,insured,interest,invest,invested,investing,investment,investments,investor,investors,invests,job,jobs,justice,knowledge,labor,laborers,labour,lawsuit,lawsuits,legal,legally,legislation,legislative,legislatures,lender,lenders,lending,leverage,leveraged,leveraging,liabilities,liability,liable,liquid,liquidation,liquidity,litigation,loan,loans,merge,merger,mergers,morale,noncompliance,organic,outbreak,outbreaks,outsource,outsourced,ozone,pandemic,pandemics,partner,partners,partnerships,patent,patents,people,personnel,phishing,plea,plead,pollutants,pollution,postemployment,postretirement,privacy,profit,profitability,profitable,profits,promote,promoting,promotional,protest,protests,purpose,purposeful,purposes,ransomware,recession,recessionary,recessions,refinance,refinanced,refinancing,regulate,regulated,regulating,regulation,regulations,regulators,regulatory,renewable,reputation,reputational,restructure,restructured,restructuring,retired,retirement,revenue,revenues,ruling,rulings,salaries,sales,sanction,sanctions,sars,sell,seller,sellers,selling,settle,settled,settlement,settlements,shareholder,shareholders,shareholdings,shares,slavery,solvency,spinoff,staff,staffing,stock,stockholder,stockholders,sue,sued,supplier,suppliers,sustainability,sustainable,sustainably,synergies,takeover,tariff,tariffs,tax,taxable,taxation,taxed,taxes,technological,technologies,technology,terrorism,terrorist,tornado,tornadoes,toxic,toxins,trademark,trademarks,tribunal,tsunami,tsunamis,unemployment,unhedged,varieties,variety,violation,violations,virus,viruses,wage,wages,warming,wholesale,wholesalers,worker,workers,workforce
ADM,2012,0,0.004716981,0,0,0,0,0.004716981,0.004716981,0,0,0,0,0.004716981,0,0,0,0,0.004716981,0,0,0,0,0,0,0,0,0,0,0,0,0,0,0,0,0,0,0,0,0,0,0,0.004716981,0,0,0,0,0,0,0,0,0,0,0,0,0,0,0,0.004716981,0,0,0,0,0.004716981,0,0,0,0,0.089622642,0.004716981,0,0,0,0,0,0,0,0.014150943,0.004716981,0,0.028301887,0,0,0,0.004716981,0,0.004716981,0,0,0,0.004716981,0,0.028301887,0.014150943,0.004716981,0.004716981,0.009433962,0.009433962,0,0,0,0,0,0,0,0,0.004716981,0,0,0,0,0.004716981,0,0,0,0.004716981,0.04245283,0,0,0,0,0,0,0.009433962,0.018867925,0.009433962,0,0,0,0.004716981,0,0.009433962,0,0,0,0,0,0,0,0,0.023584906,0,0,0,0,0,0,0,0,0,0,0,0,0,0,0.009433962,0,0,0,0,0,0,0.004716981,0,0,0,0,0,0,0,0,0,0,0,0,0,0.009433962,0,0.004716981,0.014150943,0.004716981,0.009433962,0,0,0,0,0,0.004716981,0,0,0.004716981,0,0,0.004716981,0,0.004716981,0,0,0,0,0,0,0,0,0.018867925,0,0.014150943,0,0.004716981,0,0,0,0,0,0,0,0,0,0.004716981,0,0.018867925,0.014150943,0,0,0,0,0,0,0,0,0,0,0,0,0,0,0,0,0,0,0,0,0,0,0,0.004716981,0,0,0.004716981,0,0.004716981,0,0.018867925,0.018867925,0,0,0,0,0,0,0,0.004716981,0,0,0,0,0.014150943,0,0,0,0,0,0,0,0,0,0,0,0.023584906,0,0,0,0,0,0,0,0,0,0,0,0,0,0.009433962,0,0,0,0,0,0,0.014150943,0,0,0,0,0,0,0,0,0,0,0,0,0,0,0.014150943,0.009433962,0,0.004716981,0,0,0,0,0,0,0,0,0,0,0,0,0,0,0,0,0.009433962,0,0.009433962,0.075471698,0,0.014150943,0.004716981,0.018867925,0,0,0,0,0,0,0,0.04245283,0,0,0,0.009433962,0,0,0,0,0,0,0.023584906,0,0,0,0,0,0,0,0,0,0,0,0,0,0,0,0,0,0,0.004716981,0.014150943,0,0,0,0,0,0,0.009433962,0.009433962,0,0.009433962,0,0.014150943,0.004716981,0,0.014150943,0.014150943,0,0,0,0,0,0,0,0,0,0,0,0,0,0,0,0,0,0,0,0,0,0,0,0,0,0.004716981
ADM,2015,0,0.003717472,0,0,0,0,0.011152416,0.003717472,0,0,0,0,0.003717472,0,0,0,0,0.003717472,0,0,0,0,0,0,0,0,0,0,0,0,0,0,0,0,0,0.003717472,0,0,0,0,0,0.011152416,0,0,0,0,0,0,0,0,0,0,0,0,0,0,0,0.003717472,0,0,0,0,0.003717472,0,0,0,0,0.081784387,0.011152416,0,0,0,0,0,0,0,0.011152416,0.003717472,0,0.026022305,0,0,0,0.003717472,0,0.007434944,0,0,0,0.003717472,0,0.022304833,0.014869888,0.014869888,0.003717472,0.007434944,0.011152416,0,0,0,0,0,0,0,0.003717472,0.007434944,0,0,0,0,0,0,0,0,0.003717472,0.037174721,0,0,0,0,0.003717472,0.007434944,0.003717472,0.018587361,0.007434944,0,0,0,0.011152416,0,0.003717472,0,0,0,0,0,0,0,0,0.022304833,0,0,0,0,0,0,0,0,0,0,0,0,0,0,0.003717472,0,0,0,0,0,0.003717472,0.003717472,0,0,0,0.003717472,0,0,0,0,0,0,0,0,0,0.007434944,0,0,0.018587361,0.003717472,0.011152416,0,0,0,0,0,0.003717472,0,0,0.003717472,0,0.014869888,0.003717472,0,0.003717472,0,0,0,0,0,0,0,0,0.022304833,0,0.011152416,0,0.007434944,0,0,0,0,0,0,0,0,0,0.003717472,0,0.014869888,0.011152416,0,0,0,0,0,0,0,0,0,0,0,0,0,0,0,0,0,0,0,0,0,0,0,0.003717472,0,0,0.003717472,0,0.003717472,0,0.014869888,0.014869888,0,0,0,0,0,0,0,0.007434944,0,0,0,0,0.011152416,0,0,0,0,0,0,0,0,0,0,0,0.018587361,0,0,0,0.003717472,0,0,0,0,0.003717472,0,0,0,0,0.007434944,0,0,0,0,0,0,0.011152416,0,0,0,0,0,0,0,0,0,0,0,0,0,0,0.007434944,0.007434944,0,0.003717472,0,0,0,0,0,0,0,0,0,0,0,0,0,0,0,0,0.007434944,0,0.011152416,0.085501859,0,0.018587361,0.007434944,0.018587361,0,0,0,0,0,0,0,0.037174721,0,0,0,0.003717472,0,0.003717472,0,0,0,0,0.014869888,0,0,0,0,0.003717472,0,0,0,0,0,0,0,0,0,0,0,0,0,0.003717472,0.011152416,0,0,0,0,0,0,0.007434944,0.033457249,0,0.007434944,0,0.018587361,0.003717472,0,0.003717472,0.011152416,0,0,0,0,0,0,0,0,0,0,0,0,0,0.003717472,0,0,0,0,0,0,0,0,0,0,0,0.003717472
ADM,2018,0,0.002949853,0,0.002949853,0.002949853,0,0.017699115,0.008849558,0,0,0,0,0.002949853,0,0,0,0,0,0,0.002949853,0,0,0,0,0.002949853,0,0,0,0,0,0,0,0,0,0,0.002949853,0,0,0,0,0,0.005899705,0,0,0,0,0,0,0,0,0,0,0,0,0,0,0,0.002949853,0,0,0,0,0.002949853,0,0,0,0,0.067846608,0.017699115,0,0,0,0,0,0,0,0.008849558,0.002949853,0,0.017699115,0,0.005899705,0,0.002949853,0,0.005899705,0,0,0,0.002949853,0,0.017699115,0.014749263,0.005899705,0.002949853,0.002949853,0.02359882,0,0,0,0,0,0,0.002949853,0.002949853,0.008849558,0,0,0,0,0,0,0,0,0.005899705,0.03539823,0,0,0,0,0.002949853,0.005899705,0.002949853,0.014749263,0.008849558,0,0,0,0.026548673,0,0.002949853,0,0,0,0,0,0,0,0.002949853,0.014749263,0,0,0,0,0,0,0,0,0,0,0,0,0,0,0.005899705,0,0,0,0,0,0.002949853,0,0,0,0,0.002949853,0,0.002949853,0,0,0,0,0,0,0,0.005899705,0,0.002949853,0.017699115,0.008849558,0.017699115,0,0,0,0,0,0.005899705,0,0.002949853,0.002949853,0,0.014749263,0.002949853,0,0,0,0,0,0,0,0,0,0,0.017699115,0,0.008849558,0,0.005899705,0,0,0,0,0,0,0,0.002949853,0.002949853,0.008849558,0,0.01179941,0.026548673,0,0,0,0,0,0,0,0.002949853,0.002949853,0,0,0,0,0,0,0,0,0,0,0,0.005899705,0,0,0.002949853,0,0,0.005899705,0,0.002949853,0,0.01179941,0.014749263,0,0,0,0,0,0,0,0.005899705,0,0,0,0,0.014749263,0,0,0,0,0,0,0,0,0,0,0,0.017699115,0,0,0,0.002949853,0,0,0,0,0.005899705,0,0,0,0.005899705,0.002949853,0,0,0,0,0,0,0.01179941,0,0,0,0,0,0,0,0,0,0,0,0,0,0.005899705,0.008849558,0.005899705,0,0,0,0,0,0,0,0,0.002949853,0,0,0,0,0,0,0,0,0,0.005899705,0,0.01179941,0.064896755,0,0.02359882,0.005899705,0.020648968,0.002949853,0,0,0,0,0,0,0.01179941,0,0,0,0.005899705,0,0.005899705,0,0,0,0,0.01179941,0,0,0,0,0.002949853,0,0,0,0,0,0,0,0,0,0,0,0,0,0.002949853,0.008849558,0.005899705,0,0,0.002949853,0,0.002949853,0.008849558,0.017699115,0,0.008849558,0,0.014749263,0.002949853,0,0.005899705,0.008849558,0,0,0,0,0,0,0,0,0,0,0,0,0,0.005899705,0.002949853,0,0,0,0,0,0,0,0,0,0,0.002949853
BGS,2012,0,0.001536098,0.006144393,0.006144393,0,0,0.004608295,0.023041475,0,0,0,0.001536098,0.001536098,0,0,0,0,0.003072197,0.001536098,0.001536098,0,0,0,0,0,0.001536098,0,0,0.001536098,0,0,0,0,0,0,0,0,0,0,0,0,0.001536098,0,0,0,0,0,0,0,0,0,0,0,0.001536098,0,0.001536098,0.004608295,0.006144393,0,0.003072197,0.001536098,0.003072197,0,0,0,0,0,0.069124424,0.007680492,0.001536098,0,0,0.001536098,0.003072197,0,0,0.001536098,0,0,0.030721966,0,0,0.001536098,0,0,0,0,0,0,0,0.001536098,0.003072197,0.00921659,0,0,0.007680492,0.003072197,0,0,0,0.001536098,0.029185868,0.001536098,0,0.001536098,0.015360983,0.006144393,0,0,0,0.001536098,0,0,0,0,0.036866359,0,0,0,0,0,0.001536098,0.00921659,0.01843318,0,0,0,0,0,0,0.024577573,0,0,0,0,0.004608295,0,0,0,0.010752688,0,0,0,0,0,0,0,0,0,0,0,0,0,0,0.001536098,0,0.006144393,0,0,0,0,0.015360983,0.036866359,0,0,0,0.001536098,0.001536098,0,0.001536098,0.001536098,0,0,0,0,0,0,0.007680492,0.003072197,0.001536098,0.006144393,0,0,0,0,0,0.006144393,0,0,0.004608295,0,0.001536098,0,0,0.001536098,0.010752688,0.003072197,0.001536098,0,0.001536098,0,0.004608295,0,0.066052227,0,0.019969278,0.003072197,0.019969278,0,0,0.001536098,0,0,0,0.001536098,0.001536098,0.006144393,0,0,0,0.004608295,0,0,0,0,0,0,0,0,0.001536098,0,0.003072197,0,0,0.001536098,0,0,0,0,0,0,0,0,0,0.007680492,0,0,0.01843318,0,0,0,0.007680492,0.004608295,0,0.003072197,0,0,0,0,0,0.00921659,0,0,0,0.003072197,0.003072197,0,0,0.001536098,0,0,0.006144393,0,0.003072197,0.003072197,0,0.007680492,0.016897081,0,0,0,0.030721966,0.003072197,0.003072197,0.001536098,0,0,0.001536098,0,0,0,0,0,0,0,0,0,0,0,0,0,0,0,0,0.003072197,0,0,0,0,0,0,0,0,0,0.006144393,0,0.001536098,0,0,0.00921659,0,0,0,0,0.006144393,0,0,0,0,0.007680492,0.001536098,0.001536098,0,0,0,0.003072197,0.016897081,0,0.001536098,0,0.001536098,0,0.001536098,0,0,0,0,0.003072197,0,0,0,0,0.032258065,0,0.001536098,0,0.001536098,0,0,0,0,0,0,0,0,0,0,0.012288786,0,0,0,0,0,0.059907834,0.004608295,0.001536098,0,0,0.001536098,0.013824885,0,0,0,0,0.003072197,0,0.003072197,0.004608295,0,0,0,0.004608295,0,0.001536098,0,0,0,0,0,0,0,0.003072197,0.006144393,0,0,0,0,0,0,0,0.001536098,0,0,0,0.004608295,0,0,0.001536098,0.004608295,0,0,0.001536098
BGS,2015,0,0.001259446,0.005037783,0.008816121,0,0,0.007556675,0.018891688,0,0,0,0.001259446,0.001259446,0,0,0,0,0.002518892,0.001259446,0.002518892,0,0,0,0,0,0.001259446,0,0,0.001259446,0,0.002518892,0,0,0,0,0,0,0,0,0,0,0.001259446,0,0,0,0,0,0,0,0,0,0,0,0.001259446,0,0.001259446,0.003778338,0.005037783,0,0.006297229,0.001259446,0.006297229,0.001259446,0,0,0,0,0.073047859,0.005037783,0.001259446,0,0,0.001259446,0.002518892,0,0,0.001259446,0,0,0.028967254,0,0.006297229,0,0,0,0,0,0,0,0,0.001259446,0.002518892,0.007556675,0,0,0.006297229,0.002518892,0,0,0,0.001259446,0.028967254,0.001259446,0,0.001259446,0.010075567,0.005037783,0,0,0,0.002518892,0,0,0.001259446,0,0.0302267,0,0,0,0,0,0.001259446,0.010075567,0.018891688,0.001259446,0,0,0.001259446,0.001259446,0.001259446,0.020151134,0,0,0,0,0.003778338,0,0,0,0.010075567,0,0,0,0,0,0,0,0,0,0,0,0,0,0,0.001259446,0,0.005037783,0,0,0,0,0.012594458,0.0302267,0,0,0,0.001259446,0.001259446,0,0.001259446,0,0,0,0,0,0.002518892,0,0.010075567,0.003778338,0.001259446,0.006297229,0,0,0,0,0.001259446,0.005037783,0,0,0.003778338,0,0.001259446,0,0,0.001259446,0.008816121,0.003778338,0.001259446,0,0.001259446,0,0.003778338,0,0.068010076,0,0.016372796,0.002518892,0.026448363,0,0,0.001259446,0,0,0,0.001259446,0.001259446,0.007556675,0,0.010075567,0.001259446,0.003778338,0,0,0.001259446,0,0,0,0,0,0.001259446,0,0.002518892,0,0,0.001259446,0,0,0,0,0,0,0,0,0,0.006297229,0,0.001259446,0.01511335,0,0,0,0.006297229,0.003778338,0,0.002518892,0,0,0,0,0,0.008816121,0,0,0,0.007556675,0.006297229,0.001259446,0,0.001259446,0,0,0.005037783,0,0.002518892,0.002518892,0,0.005037783,0.01511335,0,0,0,0.0302267,0.006297229,0.002518892,0,0,0,0.001259446,0,0,0,0,0,0,0,0,0,0,0,0.001259446,0,0,0,0,0.002518892,0,0,0,0,0,0,0,0.001259446,0,0.005037783,0,0.001259446,0,0,0.007556675,0,0,0,0,0.005037783,0,0,0,0,0.006297229,0,0.001259446,0,0,0,0.005037783,0.01511335,0,0.005037783,0,0.005037783,0.001259446,0.001259446,0,0,0,0,0.002518892,0,0,0,0,0.040302267,0,0.001259446,0,0.001259446,0,0,0,0,0,0,0.001259446,0,0,0,0.010075567,0,0,0,0,0,0.049118388,0.003778338,0.001259446,0,0,0.001259446,0.012594458,0.001259446,0,0,0,0.002518892,0,0.002518892,0.005037783,0,0,0,0.003778338,0,0.001259446,0.010075567,0,0.001259446,0,0,0,0,0.002518892,0.006297229,0,0,0,0,0,0,0.001259446,0.002518892,0.001259446,0,0.001259446,0.002518892,0,0,0.001259446,0.003778338,0,0,0.001259446
BGS,2018,0,0.00120048,0.004801921,0.006002401,0,0,0.006002401,0.019207683,0,0,0,0.00120048,0.00120048,0,0,0,0,0.00240096,0.00120048,0.00240096,0,0,0,0,0,0.00120048,0,0,0.00120048,0,0.00240096,0,0,0,0,0,0,0,0,0,0,0.00120048,0,0,0,0,0,0,0,0,0,0,0,0.00120048,0,0.00120048,0.003601441,0.00240096,0,0.006002401,0.00240096,0.007202881,0.00120048,0,0,0,0,0.070828331,0.004801921,0.00120048,0,0,0.00120048,0.00240096,0,0,0.00120048,0,0,0.028811525,0,0.007202881,0,0,0,0,0,0,0,0,0.00120048,0.00240096,0.008403361,0,0,0.006002401,0.00240096,0,0,0,0.00120048,0.028811525,0.00120048,0,0.00120048,0.013205282,0.004801921,0,0,0,0.00240096,0,0,0.00120048,0,0.028811525,0,0,0,0,0.00120048,0.00240096,0.010804322,0.019207683,0.004801921,0,0.006002401,0.00120048,0.003601441,0.00120048,0.019207683,0,0,0,0,0.003601441,0,0,0,0.009603842,0,0,0.00240096,0,0,0,0.00120048,0,0,0,0,0,0,0,0.00120048,0,0.004801921,0,0,0,0,0.012004802,0.028811525,0,0,0,0.00120048,0.00120048,0,0.00120048,0,0,0,0,0,0.00240096,0,0.010804322,0.003601441,0.00120048,0.007202881,0,0,0,0,0.00120048,0.004801921,0,0,0.003601441,0,0.00120048,0,0,0.00120048,0.008403361,0.003601441,0.00120048,0,0.00120048,0,0.003601441,0,0.068427371,0,0.015606242,0.00240096,0.026410564,0,0,0.00120048,0,0,0.00120048,0.00120048,0.00120048,0.007202881,0,0.00240096,0.00120048,0.003601441,0,0,0.00240096,0,0.00120048,0,0,0,0.00120048,0,0.00240096,0,0,0.00120048,0,0,0,0,0,0,0,0,0,0.006002401,0,0.00120048,0.016806723,0,0,0,0.007202881,0.003601441,0,0.00240096,0,0,0.00240096,0,0,0.008403361,0,0,0,0.007202881,0.006002401,0.00120048,0,0.00120048,0,0,0.004801921,0,0.003601441,0.00240096,0,0.004801921,0.014405762,0,0,0,0.027611044,0.007202881,0,0,0,0,0.00120048,0,0,0,0,0,0,0,0,0,0,0,0.00120048,0,0,0,0,0.00240096,0.00120048,0,0,0,0,0,0,0.00120048,0,0.004801921,0,0.00120048,0,0,0.007202881,0,0,0,0,0.004801921,0.00120048,0,0,0,0.006002401,0,0.00120048,0,0,0,0.004801921,0.014405762,0,0.006002401,0,0.006002401,0.00120048,0.00120048,0,0,0,0,0.00240096,0,0,0,0,0.034813926,0,0.00120048,0,0.00120048,0,0,0,0,0,0,0.00120048,0,0,0,0.009603842,0,0,0,0,0,0.046818727,0.003601441,0.00120048,0,0,0.00120048,0.012004802,0.00120048,0,0,0,0.00240096,0,0.00240096,0.008403361,0,0.00120048,0,0.004801921,0,0.00120048,0.009603842,0,0.00240096,0,0,0,0,0.00240096,0.007202881,0,0,0,0,0,0,0.00120048,0.00240096,0.00120048,0,0.00240096,0.00240096,0,0,0.00120048,0.003601441,0,0,0.00120048
CAG,2012,0,0.007407407,0,0.014814815,0,0,0.007407407,0.014814815,0,0,0.003703704,0.003703704,0,0,0,0,0,0,0,0,0,0,0,0,0,0.003703704,0,0,0.003703704,0,0,0,0,0,0,0,0,0,0,0,0,0,0,0,0,0,0,0,0,0,0,0,0,0,0,0,0,0,0,0.007407407,0.003703704,0.003703704,0,0,0,0,0,0.066666667,0.022222222,0,0,0.003703704,0.007407407,0,0,0,0,0.007407407,0,0,0,0.022222222,0,0,0,0.003703704,0,0,0,0,0,0.011111111,0.025925926,0.003703704,0,0.003703704,0.003703704,0,0,0,0,0.007407407,0,0.003703704,0.003703704,0.033333333,0.011111111,0,0,0,0.014814815,0,0,0,0,0,0,0,0,0,0,0,0.022222222,0.044444444,0.003703704,0,0,0,0,0,0.007407407,0,0,0,0,0,0,0,0,0.022222222,0,0,0,0,0,0,0,0,0,0,0.007407407,0,0,0,0.007407407,0,0.003703704,0,0,0,0,0,0,0,0,0,0,0.003703704,0,0,0,0,0,0,0,0.011111111,0.007407407,0.007407407,0.014814815,0.014814815,0.011111111,0,0,0,0,0,0.007407407,0.003703704,0,0.003703704,0,0.003703704,0,0,0,0.007407407,0,0.003703704,0,0,0,0,0,0.059259259,0,0.003703704,0,0.011111111,0,0,0,0,0,0,0,0.003703704,0,0,0,0.011111111,0.007407407,0,0,0,0,0,0,0,0,0.003703704,0,0,0,0,0,0.003703704,0.003703704,0,0.003703704,0,0,0,0,0,0,0,0,0.007407407,0,0,0,0.011111111,0.003703704,0,0,0,0,0,0,0,0.014814815,0,0,0,0.011111111,0.007407407,0,0,0,0,0,0,0,0,0,0,0,0.014814815,0,0,0,0,0,0,0,0,0,0,0,0,0,0,0,0,0,0,0,0,0,0,0,0,0,0.003703704,0.003703704,0,0,0,0,0,0,0,0,0.007407407,0.037037037,0,0.018518519,0,0,0,0,0,0,0,0,0,0,0,0,0.003703704,0,0,0,0,0,0.007407407,0.025925926,0,0.007407407,0,0.033333333,0.003703704,0,0,0,0,0,0,0.007407407,0,0,0,0.044444444,0,0,0,0.003703704,0,0.003703704,0.003703704,0,0,0,0,0,0,0,0,0,0,0,0,0,0.003703704,0,0,0,0,0,0.014814815,0.003703704,0,0,0,0,0,0,0,0,0,0,0,0,0,0.022222222,0,0,0,0,0,0,0,0,0,0,0,0,0,0,0.007407407,0,0,0,0,0.003703704,0,0,0,0,0,0,0
CAG,2015,0,0.003809524,0,0.013333333,0,0,0.00952381,0.013333333,0.00952381,0,0.001904762,0.003809524,0.001904762,0,0,0,0,0.001904762,0,0,0,0,0,0,0,0.001904762,0,0,0.005714286,0,0,0,0.003809524,0,0,0,0,0,0,0,0,0,0,0,0,0.001904762,0,0,0.001904762,0,0,0,0,0,0,0,0.001904762,0,0,0.028571429,0.013333333,0.017142857,0,0,0,0,0,0.072380952,0.022857143,0,0,0.001904762,0.005714286,0,0,0,0.001904762,0.003809524,0,0.013333333,0,0.013333333,0,0,0,0.003809524,0,0,0,0,0,0.007619048,0.020952381,0.001904762,0,0.007619048,0.001904762,0,0,0,0.001904762,0.001904762,0,0.003809524,0.001904762,0.019047619,0.005714286,0,0,0,0.007619048,0.001904762,0,0,0,0.005714286,0,0,0,0,0,0.001904762,0.017142857,0.032380952,0.001904762,0,0,0,0,0,0.03047619,0,0,0,0,0.005714286,0,0,0,0.013333333,0.001904762,0,0,0,0,0,0.003809524,0,0,0,0.003809524,0,0,0,0.007619048,0,0.001904762,0,0,0,0,0,0,0.001904762,0,0,0,0.011428571,0,0,0.001904762,0,0,0,0,0.005714286,0.007619048,0.005714286,0.015238095,0.00952381,0.005714286,0,0,0,0,0,0.003809524,0.001904762,0,0.001904762,0,0.001904762,0.001904762,0,0,0.005714286,0,0.001904762,0,0,0.001904762,0,0,0.066666667,0,0.005714286,0,0.00952381,0,0,0,0,0,0,0,0.003809524,0.001904762,0,0,0.005714286,0.007619048,0,0,0,0,0,0.001904762,0,0,0.001904762,0,0,0,0,0.001904762,0.001904762,0.001904762,0,0.001904762,0,0,0,0,0,0,0,0,0.00952381,0.001904762,0,0,0.007619048,0.001904762,0,0.001904762,0,0,0,0.003809524,0,0.00952381,0,0,0,0.005714286,0.007619048,0,0,0,0,0,0,0,0,0,0,0.011428571,0.00952381,0.001904762,0,0,0,0.001904762,0,0,0,0,0,0.001904762,0,0,0,0,0,0,0,0,0.001904762,0,0.005714286,0,0,0,0.001904762,0.003809524,0,0.003809524,0.001904762,0,0,0,0,0,0.007619048,0.022857143,0,0.00952381,0,0,0.001904762,0,0,0,0,0.001904762,0,0,0,0,0.001904762,0,0,0,0,0,0.005714286,0.019047619,0,0.007619048,0,0.017142857,0.001904762,0,0,0.001904762,0,0.001904762,0.001904762,0.003809524,0,0,0,0.034285714,0,0.003809524,0,0.011428571,0,0.001904762,0.005714286,0,0,0,0,0,0,0,0,0,0,0,0,0,0.003809524,0.005714286,0.005714286,0,0,0.001904762,0.015238095,0.001904762,0,0,0.001904762,0,0,0,0.003809524,0,0,0,0,0,0,0.007619048,0.001904762,0,0,0,0,0,0,0.001904762,0,0,0,0,0,0,0.003809524,0,0,0,0,0.001904762,0,0,0,0,0,0,0
CAG,2018,0,0.004932182,0.003699137,0.011097411,0,0,0.035758323,0.011097411,0,0,0.001233046,0.003699137,0.001233046,0,0,0,0,0.001233046,0,0,0,0,0,0,0.002466091,0.001233046,0,0,0.003699137,0,0,0.001233046,0,0,0,0,0,0,0,0,0,0,0,0.001233046,0,0.001233046,0.001233046,0,0.001233046,0,0,0,0,0,0,0,0.001233046,0.001233046,0,0.013563502,0.008631319,0.007398274,0,0,0,0,0,0.077681874,0.022194821,0,0,0.002466091,0.002466091,0,0,0,0.001233046,0.002466091,0,0.032059186,0,0.008631319,0,0,0,0.001233046,0,0,0,0,0,0.006165228,0.014796547,0.001233046,0,0.004932182,0.002466091,0,0,0,0.001233046,0.002466091,0,0.002466091,0.001233046,0.009864365,0.004932182,0,0,0,0.004932182,0,0,0,0.001233046,0.004932182,0.002466091,0.002466091,0,0,0,0.001233046,0.009864365,0.023427867,0.001233046,0,0,0.001233046,0.011097411,0,0.035758323,0,0,0,0,0.004932182,0,0,0,0.008631319,0.001233046,0,0,0,0,0,0.002466091,0.001233046,0,0.001233046,0.002466091,0,0,0,0.008631319,0,0.001233046,0.001233046,0,0,0,0,0.003699137,0.002466091,0,0,0,0.012330456,0,0,0.001233046,0,0,0,0,0.003699137,0.006165228,0.009864365,0.009864365,0.006165228,0.004932182,0,0,0,0,0,0.003699137,0.001233046,0,0.001233046,0,0.001233046,0,0,0,0.007398274,0,0.008631319,0,0,0.001233046,0.003699137,0,0.066584464,0.001233046,0.012330456,0,0.007398274,0,0,0,0,0,0,0,0.002466091,0.003699137,0,0,0.003699137,0.011097411,0,0,0.001233046,0,0,0.001233046,0,0,0.001233046,0,0,0,0,0.001233046,0.001233046,0.001233046,0,0.001233046,0,0,0,0,0,0,0,0,0.011097411,0.001233046,0,0,0.004932182,0.001233046,0,0,0,0,0,0,0,0.006165228,0,0,0,0.003699137,0.007398274,0,0,0.001233046,0,0,0,0.001233046,0,0.002466091,0,0.007398274,0.007398274,0,0,0.001233046,0.002466091,0.004932182,0,0.004932182,0,0.006165228,0,0.001233046,0,0,0,0,0.001233046,0.001233046,0,0,0.001233046,0,0.003699137,0,0.001233046,0.001233046,0.001233046,0.008631319,0,0,0,0,0,0,0,0.004932182,0.004932182,0.014796547,0,0.006165228,0,0,0.001233046,0,0,0,0,0.003699137,0,0,0,0,0.001233046,0,0.001233046,0,0,0,0.004932182,0.017262639,0,0.007398274,0,0.013563502,0.002466091,0.001233046,0,0,0,0.001233046,0.004932182,0.002466091,0,0,0,0.025893958,0,0.004932182,0,0.006165228,0,0.001233046,0.002466091,0,0,0,0,0.002466091,0.002466091,0,0.006165228,0,0,0.01972873,0,0,0.008631319,0,0.004932182,0,0,0.001233046,0.009864365,0.001233046,0,0,0.008631319,0,0,0.002466091,0.009864365,0.001233046,0.001233046,0,0.001233046,0,0,0.011097411,0.001233046,0,0,0,0,0,0.002466091,0.003699137,0,0,0,0,0,0,0.004932182,0.001233046,0,0,0.001233046,0.001233046,0,0,0,0,0,0,0
CPB,2012,0,0.014150943,0,0.014150943,0,0,0.014150943,0.023584906,0,0,0,0.018867925,0.004716981,0,0,0,0,0.009433962,0,0,0,0,0,0,0,0,0,0,0,0,0,0,0,0,0,0,0,0,0,0,0,0,0,0,0,0,0,0,0,0,0,0,0,0,0,0,0,0,0,0.018867925,0,0.028301887,0,0,0,0,0,0.094339623,0,0,0,0.004716981,0.004716981,0,0,0,0,0,0,0,0,0.004716981,0,0,0,0.004716981,0,0,0,0,0,0.009433962,0.018867925,0,0,0.009433962,0.004716981,0,0,0,0,0.018867925,0,0,0.004716981,0.037735849,0.037735849,0,0,0,0,0,0,0,0,0.014150943,0,0.004716981,0,0,0,0,0.037735849,0.047169811,0.004716981,0,0,0,0.004716981,0,0,0,0,0,0,0,0,0,0,0.009433962,0,0,0,0,0,0,0,0.014150943,0,0.009433962,0,0,0,0,0,0,0,0,0.004716981,0,0,0,0,0,0,0.004716981,0,0,0,0,0,0,0,0.004716981,0,0,0,0.009433962,0.004716981,0.004716981,0.004716981,0,0,0,0,0,0.004716981,0,0,0,0,0,0,0,0,0.009433962,0,0.009433962,0,0,0,0,0,0.089622642,0,0,0,0,0,0,0.004716981,0,0,0,0,0.009433962,0,0,0,0,0,0,0,0,0,0,0,0,0,0.004716981,0,0,0,0,0,0,0,0,0.004716981,0,0,0,0,0,0,0,0,0.009433962,0,0.004716981,0,0.004716981,0.004716981,0,0,0,0,0,0,0,0,0,0,0,0,0,0,0,0,0,0,0,0,0,0,0,0.014150943,0.018867925,0.004716981,0,0,0,0,0,0,0,0,0,0,0,0,0,0,0,0,0,0.004716981,0,0,0,0,0,0,0,0,0,0,0,0,0,0,0,0,0,0,0,0,0,0.004716981,0.004716981,0,0,0,0,0.004716981,0,0.014150943,0,0,0,0,0,0,0.009433962,0,0.014150943,0,0,0.018867925,0,0.009433962,0,0,0,0,0,0,0.004716981,0,0,0,0,0.047169811,0,0,0,0.004716981,0,0.004716981,0.004716981,0,0,0,0,0,0,0,0,0,0,0,0,0,0,0,0,0,0,0,0.014150943,0,0,0,0,0,0,0.004716981,0.004716981,0,0,0,0,0,0,0.028301887,0.004716981,0.004716981,0,0,0,0,0,0,0,0,0,0,0,0,0.004716981,0,0,0,0,0,0,0,0,0,0,0,0
CPB,2015,0,0.006329114,0,0.006329114,0,0,0.006329114,0.012658228,0,0,0,0.009493671,0.003164557,0,0,0,0,0.009493671,0,0.003164557,0,0,0,0,0,0,0,0,0,0,0,0,0,0,0,0,0,0,0,0,0,0,0,0,0,0,0,0.003164557,0,0,0,0,0,0,0,0,0,0,0,0.012658228,0,0.018987342,0,0,0,0.003164557,0,0.107594937,0.028481013,0,0,0.003164557,0.003164557,0,0,0,0,0.003164557,0,0.003164557,0,0.009493671,0,0,0,0.003164557,0,0,0,0,0,0.006329114,0.009493671,0,0,0.006329114,0.006329114,0,0,0,0,0.018987342,0,0,0.003164557,0.028481013,0.015822785,0,0,0,0,0,0,0.003164557,0.003164557,0.009493671,0,0.003164557,0,0,0,0,0.022151899,0.034810127,0.003164557,0,0,0,0.009493671,0,0,0,0,0,0,0,0,0,0,0.009493671,0.003164557,0,0,0,0,0,0.015822785,0,0.003164557,0.009493671,0.003164557,0,0,0,0.006329114,0,0,0,0.003164557,0.006329114,0,0,0,0,0,0.006329114,0,0,0,0,0,0,0,0.003164557,0,0,0.006329114,0.009493671,0.003164557,0.009493671,0.003164557,0,0,0,0,0,0.003164557,0,0,0.003164557,0,0,0,0,0,0.009493671,0,0.006329114,0,0,0,0,0,0.101265823,0,0,0,0,0,0,0,0,0,0,0,0.006329114,0.003164557,0,0,0.006329114,0.006329114,0,0,0,0,0,0,0,0,0.003164557,0,0,0,0,0,0,0,0,0.003164557,0,0,0,0,0,0,0,0,0.006329114,0,0.003164557,0,0.003164557,0.003164557,0,0,0,0,0,0,0,0,0,0,0,0,0.018987342,0,0,0,0,0,0,0,0,0,0,0.012658228,0.012658228,0.003164557,0,0,0,0.006329114,0,0,0,0,0,0.003164557,0,0,0,0,0,0.003164557,0,0,0.003164557,0,0.003164557,0,0,0,0,0,0,0,0,0,0,0,0,0.003164557,0,0,0,0,0,0.003164557,0.003164557,0,0,0,0,0.003164557,0,0.009493671,0,0,0,0,0,0,0.006329114,0,0.012658228,0.012658228,0,0.022151899,0,0.012658228,0.003164557,0,0,0,0,0,0.006329114,0,0,0,0,0.041139241,0,0,0,0.006329114,0,0.003164557,0.003164557,0,0,0,0,0,0,0,0,0,0,0,0,0,0,0,0,0,0,0.003164557,0.022151899,0,0,0,0,0,0,0.003164557,0.009493671,0,0,0,0,0,0,0.018987342,0.003164557,0.003164557,0,0,0,0,0,0,0,0,0,0,0,0,0.009493671,0,0,0,0,0,0,0,0,0,0,0,0
CPB,2018,0,0.006651885,0,0.006651885,0,0.002217295,0.013303769,0.013303769,0.00886918,0,0,0.00443459,0.002217295,0,0,0,0,0,0,0.006651885,0,0,0,0,0,0,0,0,0.006651885,0,0,0,0,0,0,0,0,0,0,0,0,0,0,0,0,0,0,0.00443459,0,0,0,0,0,0,0,0,0.006651885,0,0,0.00886918,0,0.017738359,0,0,0,0,0,0.119733925,0.022172949,0,0,0.002217295,0.002217295,0,0,0,0,0.002217295,0,0.002217295,0,0.00443459,0,0,0,0.00886918,0,0,0,0,0.002217295,0.006651885,0.011086475,0.002217295,0,0.006651885,0.006651885,0,0,0,0,0.013303769,0,0,0,0.017738359,0.013303769,0,0,0,0,0,0,0.002217295,0.00443459,0.015521064,0,0.002217295,0,0,0,0,0.017738359,0.028824834,0.002217295,0,0,0,0.00443459,0,0.011086475,0,0,0,0,0.002217295,0,0,0,0.00886918,0.002217295,0,0,0,0,0,0.00443459,0,0.002217295,0.006651885,0.002217295,0,0,0,0.006651885,0,0.00443459,0,0.002217295,0,0,0,0,0,0.002217295,0.00443459,0,0,0,0,0,0,0,0,0,0,0.00886918,0.019955654,0.002217295,0.006651885,0.002217295,0,0,0,0,0,0.002217295,0,0,0,0,0.002217295,0,0,0,0.006651885,0.002217295,0.00886918,0,0,0,0.002217295,0,0.093126386,0,0,0,0,0,0,0,0,0,0,0,0.006651885,0.002217295,0,0,0.00443459,0.006651885,0,0,0,0,0,0,0,0,0.002217295,0,0,0,0,0,0,0,0,0.00443459,0,0,0,0,0,0.002217295,0,0,0.006651885,0,0.002217295,0,0.00443459,0.002217295,0,0.00443459,0,0,0,0,0,0,0,0,0,0.002217295,0.015521064,0,0,0,0,0,0,0,0,0.002217295,0,0.011086475,0.006651885,0.002217295,0,0,0.00443459,0.00443459,0.002217295,0,0,0,0,0.00443459,0,0.00443459,0,0,0,0.002217295,0,0,0.002217295,0,0.002217295,0,0.002217295,0,0.002217295,0.011086475,0,0,0,0,0,0,0,0.002217295,0,0,0,0,0,0.002217295,0.00443459,0,0,0,0,0.00443459,0,0.006651885,0,0,0,0,0,0,0.00443459,0,0.006651885,0.011086475,0,0.031042129,0,0.006651885,0.002217295,0,0,0.002217295,0,0,0.006651885,0.002217295,0,0,0,0.024390244,0,0,0,0.00443459,0,0,0.00443459,0,0,0,0,0.00443459,0.00443459,0,0,0,0,0,0,0,0,0,0,0,0,0.002217295,0.022172949,0,0,0,0.006651885,0,0,0.011086475,0.00886918,0,0,0,0,0,0,0.017738359,0.002217295,0.002217295,0,0,0,0,0.002217295,0.002217295,0,0,0,0,0,0,0.00886918,0,0,0,0,0,0,0,0,0,0,0,0
GIS,2012,0,0,0.015384615,0,0,0,0,0,0,0,0,0,0,0,0,0,0,0,0,0,0,0,0,0,0,0,0,0,0,0,0,0,0,0,0,0,0,0,0,0,0,0,0,0,0,0,0,0,0,0,0,0,0,0,0,0,0,0.030769231,0,0,0,0,0,0,0,0,0,0.015384615,0,0,0,0,0,0,0,0,0,0,0,0.046153846,0,0,0,0,0,0.046153846,0,0,0,0,0,0,0,0,0,0,0,0,0,0,0,0,0,0,0,0,0,0,0,0,0,0,0,0,0,0.015384615,0,0,0,0,0,0,0,0,0,0,0,0,0.030769231,0,0.061538462,0,0,0,0,0,0,0,0,0,0,0,0,0,0,0,0,0,0,0,0,0,0,0,0,0,0,0,0,0,0,0,0,0,0,0,0,0.046153846,0,0,0,0,0,0,0,0,0,0.015384615,0.030769231,0,0,0,0,0,0,0,0.153846154,0,0,0,0,0,0,0,0,0,0.015384615,0,0,0,0,0,0,0.015384615,0,0.015384615,0,0,0,0,0,0,0,0,0,0,0,0,0,0,0,0,0,0,0,0,0.046153846,0.015384615,0,0.061538462,0,0,0,0,0,0,0,0,0,0,0,0,0,0,0,0,0,0.184615385,0,0,0,0,0.076923077,0,0,0,0,0,0,0,0,0,0,0,0,0,0,0,0,0,0,0,0,0,0,0,0,0,0,0,0,0,0,0,0.030769231,0,0,0,0,0,0,0,0,0,0,0,0,0,0,0,0,0,0,0,0,0,0,0,0,0,0,0,0,0,0,0,0,0,0,0,0,0,0,0,0,0,0,0,0,0,0,0,0,0,0,0,0,0,0,0,0,0,0,0,0,0,0,0,0,0,0,0,0,0,0,0,0,0,0,0,0,0,0,0,0,0,0,0,0,0,0,0,0,0,0,0,0,0,0,0.015384615,0,0,0,0,0,0,0,0,0,0,0,0,0,0,0,0,0,0,0,0,0,0,0,0,0,0,0,0,0,0.015384615,0,0,0,0,0,0,0,0,0,0,0,0
GIS,2015,0,0.010204082,0.010204082,0,0,0,0,0,0,0,0,0,0,0,0,0,0,0,0,0,0,0,0,0,0,0,0,0,0,0,0,0,0,0,0,0,0,0,0,0,0,0,0,0,0,0,0,0,0,0,0,0,0.020408163,0,0,0,0.010204082,0.020408163,0,0,0,0,0,0,0,0,0,0,0,0,0,0,0,0,0,0,0,0,0,0.081632653,0,0,0,0,0,0.030612245,0,0,0,0,0,0,0,0,0,0,0,0,0,0,0,0.020408163,0,0,0,0,0,0,0,0,0,0,0,0,0,0,0,0,0,0,0,0,0,0,0,0,0,0,0,0,0.112244898,0,0,0,0,0,0,0,0,0,0,0,0,0,0,0,0,0,0,0,0,0,0,0,0,0,0,0,0,0,0,0,0.020408163,0,0,0,0,0.06122449,0,0,0,0,0.020408163,0,0,0,0,0,0.020408163,0,0,0,0,0,0,0,0.010204082,0,0,0,0,0,0,0,0,0,0,0,0,0,0,0,0,0,0,0,0,0,0,0,0,0,0,0,0,0,0,0,0,0,0,0,0,0,0,0,0.112244898,0.020408163,0.030612245,0.010204082,0,0,0,0,0,0,0,0,0,0,0,0,0,0,0,0,0,0.173469388,0.010204082,0,0,0.040816327,0.020408163,0,0,0,0,0,0,0,0,0,0,0,0,0,0,0,0,0,0,0,0,0,0,0,0.030612245,0,0,0,0,0,0,0,0.030612245,0,0,0,0,0,0,0,0,0,0,0,0,0,0,0,0,0,0,0,0,0,0,0,0,0,0,0,0,0,0,0,0,0,0,0,0,0,0,0,0.010204082,0,0,0,0,0,0,0,0,0,0,0,0,0,0,0,0,0,0,0,0,0,0,0,0,0,0,0,0.020408163,0,0,0,0,0,0,0,0,0.020408163,0,0,0,0,0,0,0,0,0,0,0,0,0,0,0,0,0,0.010204082,0,0,0,0,0,0,0,0.010204082,0,0,0,0,0,0,0,0,0,0,0,0,0,0,0,0,0,0,0,0,0,0,0,0,0,0,0,0,0,0,0,0,0,0
GIS,2018,0,0.004987531,0,0.004987531,0,0,0.02244389,0.012468828,0,0.004987531,0.002493766,0.004987531,0,0,0,0,0,0.002493766,0,0,0,0,0,0,0,0.002493766,0,0,0.002493766,0,0,0.002493766,0,0,0.002493766,0,0,0,0,0,0,0,0,0,0,0,0,0,0,0.002493766,0,0,0,0,0,0,0.007481297,0,0,0.009975062,0.004987531,0.037406484,0,0,0,0,0,0.089775561,0.009975062,0,0,0,0.002493766,0,0,0,0,0,0,0.009975062,0,0.002493766,0,0,0,0,0,0,0.002493766,0,0,0.004987531,0.017456359,0,0,0.012468828,0.007481297,0,0,0,0,0.014962594,0.002493766,0.002493766,0,0.029925187,0.034912718,0.002493766,0,0,0,0,0,0,0.002493766,0.014962594,0,0,0,0,0,0,0.004987531,0.029925187,0.004987531,0,0,0,0.004987531,0,0.012468828,0,0,0,0,0,0,0,0,0.014962594,0.004987531,0,0,0,0,0,0,0.002493766,0,0.007481297,0,0,0,0,0,0,0,0,0.002493766,0,0,0,0.002493766,0,0,0,0,0.019950125,0,0,0,0,0,0,0,0,0.002493766,0.014962594,0.012468828,0.007481297,0.009975062,0,0,0,0,0,0.002493766,0,0,0,0,0,0,0,0,0.004987531,0,0.004987531,0,0,0,0.002493766,0,0.039900249,0,0.012468828,0,0.009975062,0,0,0,0,0,0,0,0.004987531,0.002493766,0,0.002493766,0,0.029925187,0,0,0.002493766,0,0,0.002493766,0,0,0.002493766,0,0.002493766,0,0,0,0,0,0,0.004987531,0,0.007481297,0,0,0,0,0,0,0.007481297,0,0.002493766,0,0.002493766,0.002493766,0,0,0,0,0,0,0.002493766,0,0,0,0,0.004987531,0.007481297,0,0,0.002493766,0,0,0,0,0.002493766,0,0,0.009975062,0.009975062,0,0.002493766,0,0.004987531,0.004987531,0,0,0,0,0,0,0,0,0,0,0,0,0,0.002493766,0,0,0,0,0,0,0,0.002493766,0,0,0,0,0,0.004987531,0.002493766,0,0.004987531,0.02244389,0.004987531,0.004987531,0,0,0.009975062,0,0,0,0,0.002493766,0,0,0,0,0.002493766,0,0,0,0,0,0,0.024937656,0,0.014962594,0,0.007481297,0.002493766,0,0,0.002493766,0,0.002493766,0.004987531,0.009975062,0,0,0,0.029925187,0,0,0,0.007481297,0,0,0,0,0,0,0,0,0,0,0,0,0,0,0,0,0,0,0,0,0,0.002493766,0.009975062,0,0,0,0.007481297,0,0,0.002493766,0.007481297,0,0,0,0,0.002493766,0.002493766,0.019950125,0.002493766,0,0,0,0,0,0,0,0,0,0,0,0,0,0.004987531,0,0,0,0.002493766,0,0,0,0,0,0,0,0
HSY,2012,0,0.004,0,0,0,0,0,0.016,0,0,0,0.016,0,0,0,0,0,0,0,0,0,0,0,0,0.016,0.004,0,0,0,0,0,0,0,0.004,0,0,0,0,0,0,0,0,0,0,0,0,0,0.004,0,0,0,0,0,0,0,0,0.004,0,0,0,0.004,0.004,0,0,0,0,0,0.06,0.008,0,0,0.004,0,0,0,0,0,0,0,0.012,0,0,0,0,0,0,0,0,0,0,0,0.02,0.024,0,0,0.004,0.008,0,0.004,0,0,0.004,0,0.004,0,0.028,0.008,0,0,0,0.004,0,0,0,0,0.016,0,0,0,0,0,0.004,0.004,0.036,0.008,0,0,0.004,0.024,0,0.008,0,0,0,0,0,0,0.004,0,0.028,0,0,0.004,0,0,0,0,0,0,0,0,0,0,0,0,0,0.008,0,0,0,0,0,0,0,0,0,0,0.004,0,0,0,0,0,0.004,0,0,0.004,0.012,0.032,0.012,0.008,0,0,0,0,0,0,0,0,0,0,0,0,0,0,0.008,0.008,0,0.004,0,0,0,0,0.064,0.004,0,0,0,0,0,0,0,0,0,0,0.012,0,0,0,0,0.004,0,0,0,0,0,0.004,0,0,0,0,0,0,0,0,0.004,0,0,0.004,0,0,0,0,0,0,0,0,0.008,0.004,0,0,0,0.008,0,0,0,0,0,0.004,0,0.016,0,0,0,0.012,0.004,0,0,0,0,0,0,0,0,0,0,0.008,0,0,0,0,0.012,0.008,0,0,0,0,0,0,0,0,0.004,0,0,0.004,0,0.004,0,0,0.004,0,0,0,0,0,0,0,0,0,0,0,0,0,0.004,0.012,0.004,0.008,0,0,0,0,0,0,0,0,0,0,0,0.004,0,0,0,0,0,0,0,0.016,0.004,0.008,0,0.024,0,0,0,0,0.004,0,0.004,0.008,0,0,0,0.04,0,0.004,0,0.008,0,0.004,0.008,0,0,0.008,0,0,0,0,0,0,0,0,0,0.004,0,0,0,0,0,0.004,0.02,0,0,0,0,0,0,0.004,0.008,0,0.004,0,0.004,0.004,0,0.032,0.008,0,0,0,0,0,0,0,0,0,0,0.004,0,0,0.004,0,0.008,0,0,0,0,0,0.008,0,0,0,0.004
HSY,2015,0,0.003984064,0,0,0,0,0.011952191,0.015936255,0,0,0,0.015936255,0,0,0,0,0,0,0,0,0,0,0,0,0,0.003984064,0,0,0,0,0,0,0,0,0,0,0,0,0,0,0,0,0,0,0,0,0,0.003984064,0,0,0,0,0,0,0,0,0.003984064,0,0,0,0.003984064,0.003984064,0,0,0,0,0,0.075697211,0.011952191,0,0,0.003984064,0,0,0,0,0.003984064,0,0.003984064,0.011952191,0,0,0,0,0,0,0,0,0,0,0,0.011952191,0.019920319,0,0,0.003984064,0.007968127,0,0.003984064,0,0,0,0,0.003984064,0,0.027888446,0.011952191,0,0,0,0.003984064,0,0,0,0,0.015936255,0,0,0,0,0,0,0.003984064,0.035856574,0.007968127,0,0,0.003984064,0.023904382,0,0.007968127,0,0,0,0,0,0,0.003984064,0,0.023904382,0,0,0.003984064,0,0,0,0,0.003984064,0,0,0,0,0,0,0,0.003984064,0.007968127,0,0,0,0,0,0,0,0,0,0,0.007968127,0,0,0,0,0,0.003984064,0,0,0.003984064,0.015936255,0.03187251,0.011952191,0.007968127,0,0,0,0,0,0.003984064,0,0,0,0,0.003984064,0,0,0,0.007968127,0.003984064,0,0,0,0,0,0,0.067729084,0.003984064,0,0,0,0,0,0,0,0,0,0,0,0,0,0,0,0.03187251,0,0,0,0,0,0.003984064,0,0,0,0,0,0,0,0,0.003984064,0,0,0.003984064,0,0,0,0,0,0,0,0,0.003984064,0.007968127,0,0,0,0.015936255,0,0,0,0,0,0,0,0.015936255,0,0,0,0,0,0,0,0,0,0,0,0,0,0,0,0.007968127,0,0,0,0,0.007968127,0.003984064,0,0,0,0,0,0,0,0,0.003984064,0,0,0.003984064,0,0.003984064,0,0,0.003984064,0,0,0,0.003984064,0.007968127,0,0,0,0,0,0,0,0,0.003984064,0.015936255,0.003984064,0.007968127,0,0,0,0,0,0,0,0,0,0,0,0.003984064,0,0,0,0,0,0,0,0.015936255,0,0.003984064,0,0.015936255,0,0,0,0,0,0,0.003984064,0.007968127,0,0,0,0.043824701,0,0,0,0.007968127,0,0.003984064,0.007968127,0,0,0,0,0.003984064,0,0,0,0,0,0,0,0.003984064,0,0,0,0,0,0.003984064,0.019920319,0,0,0,0,0,0,0.003984064,0.007968127,0,0.003984064,0,0.003984064,0,0,0.03187251,0.007968127,0,0,0,0,0,0,0,0,0,0,0.003984064,0,0,0.007968127,0,0,0,0,0,0,0,0.007968127,0,0,0,0.007968127
HSY,2018,0,0.003225806,0,0,0,0,0,0.022580645,0,0,0,0.012903226,0,0,0,0,0,0,0,0,0,0,0.006451613,0,0,0.003225806,0,0,0,0,0,0,0,0,0,0,0,0,0,0,0,0,0,0,0,0,0,0.003225806,0,0,0,0,0,0,0,0,0.003225806,0,0,0.003225806,0.003225806,0.016129032,0,0,0,0,0,0.093548387,0.009677419,0,0,0.003225806,0,0,0,0,0.003225806,0,0.003225806,0.009677419,0,0,0,0,0,0.009677419,0,0,0,0,0,0.009677419,0.016129032,0,0,0.003225806,0.006451613,0,0.003225806,0,0,0,0,0.003225806,0,0.022580645,0.006451613,0,0,0,0.003225806,0,0,0,0,0.012903226,0,0,0,0,0,0,0.006451613,0.029032258,0.016129032,0,0,0.003225806,0.025806452,0,0.006451613,0,0,0,0,0,0,0.003225806,0,0.022580645,0,0,0.003225806,0,0,0,0.006451613,0.009677419,0,0.012903226,0,0,0,0,0,0,0.006451613,0,0,0,0,0,0,0,0,0,0,0.003225806,0,0,0,0,0,0.003225806,0,0,0.003225806,0.012903226,0.025806452,0.012903226,0.006451613,0,0,0,0,0,0.003225806,0,0,0.009677419,0,0.003225806,0,0,0,0.006451613,0.003225806,0,0,0,0,0,0,0.077419355,0.003225806,0,0,0,0,0,0,0,0,0,0,0,0,0,0,0,0.025806452,0,0,0,0,0,0.003225806,0,0,0,0,0,0,0,0,0.003225806,0,0,0.003225806,0,0,0,0,0,0,0,0,0.003225806,0.006451613,0,0,0.003225806,0.012903226,0,0,0,0,0,0,0,0.012903226,0,0,0,0,0,0,0,0,0,0,0,0,0.006451613,0,0,0.006451613,0,0,0,0,0.006451613,0.003225806,0,0,0,0,0,0,0,0,0.003225806,0,0,0.003225806,0,0.003225806,0,0,0.003225806,0,0,0,0,0.009677419,0,0,0,0,0,0,0,0,0.003225806,0.016129032,0.003225806,0.006451613,0,0,0,0,0,0,0,0,0,0,0,0.003225806,0,0,0,0,0,0,0,0.012903226,0,0.003225806,0,0.012903226,0,0,0,0.009677419,0,0,0.003225806,0.006451613,0,0,0,0.032258065,0,0,0,0.006451613,0,0.003225806,0.006451613,0,0,0,0,0.003225806,0,0,0,0,0,0,0,0.003225806,0,0,0,0,0,0.003225806,0.016129032,0,0.006451613,0,0.006451613,0,0,0.003225806,0.006451613,0,0.003225806,0,0.003225806,0,0.003225806,0.038709677,0.006451613,0,0,0,0,0,0,0,0,0,0,0.003225806,0,0,0.006451613,0,0,0,0.003225806,0,0,0,0.006451613,0,0,0,0.006451613
INGR,2012,0,0,0,0.007326007,0,0,0.010989011,0.025641026,0,0,0,0,0,0,0,0,0,0,0,0,0,0.003663004,0,0,0,0,0,0,0.014652015,0,0.007326007,0,0,0,0,0,0,0,0,0,0.007326007,0,0.003663004,0,0,0,0,0.003663004,0,0,0,0,0,0,0,0,0,0,0,0,0,0,0,0,0,0,0,0.06959707,0.007326007,0,0,0,0,0,0,0,0.003663004,0,0,0.032967033,0,0.003663004,0,0.003663004,0,0.003663004,0,0,0,0,0.007326007,0.003663004,0.018315018,0.003663004,0,0.018315018,0,0,0,0,0,0,0,0,0,0.010989011,0.007326007,0,0,0,0,0,0,0,0,0.014652015,0,0,0,0,0,0,0.003663004,0.043956044,0,0,0,0,0,0,0.010989011,0,0,0,0,0,0,0,0,0.043956044,0,0.003663004,0,0,0,0,0,0.007326007,0,0,0,0,0,0,0.003663004,0,0,0,0,0,0,0,0.010989011,0,0,0.003663004,0,0.007326007,0,0.003663004,0,0,0,0,0,0,0,0.007326007,0.025641026,0.018315018,0,0,0,0,0,0,0.010989011,0,0,0.003663004,0,0,0.007326007,0,0,0.025641026,0.003663004,0.007326007,0,0,0,0.003663004,0,0.032967033,0,0,0,0.003663004,0,0,0.007326007,0,0,0,0,0.003663004,0.018315018,0,0,0,0.021978022,0,0,0,0,0,0.010989011,0,0.003663004,0.025641026,0,0,0,0,0,0.003663004,0,0,0.003663004,0,0,0,0.003663004,0,0,0,0,0,0,0,0,0.003663004,0,0,0,0,0,0,0,0,0.007326007,0,0,0,0,0.003663004,0,0,0.003663004,0,0,0,0,0,0,0,0.014652015,0,0,0,0,0.003663004,0,0,0,0,0,0.003663004,0,0,0,0.003663004,0,0,0,0,0.007326007,0,0,0.003663004,0.003663004,0,0,0,0,0,0,0,0,0,0,0,0,0.003663004,0.047619048,0,0.003663004,0,0,0,0,0,0,0,0,0,0,0,0,0,0,0,0,0,0,0,0.014652015,0,0.007326007,0,0,0,0,0,0,0,0,0,0.003663004,0,0,0,0.04029304,0,0,0.003663004,0.010989011,0,0,0,0.003663004,0,0,0,0,0,0,0,0,0,0,0,0,0.014652015,0,0,0,0,0,0.003663004,0,0,0,0.003663004,0,0,0.003663004,0.04029304,0.003663004,0,0,0.010989011,0.003663004,0.003663004,0.003663004,0.010989011,0.003663004,0,0,0,0,0,0,0,0,0,0.003663004,0,0.003663004,0,0,0,0,0,0,0,0,0,0,0,0,0
INGR,2015,0,0,0,0.005524862,0,0,0.008287293,0.022099448,0,0,0,0,0,0,0,0,0,0,0,0,0,0.002762431,0,0,0,0,0,0,0.008287293,0,0.005524862,0,0,0,0,0,0,0,0,0,0.005524862,0,0.002762431,0,0,0,0,0.002762431,0,0,0,0,0,0,0,0,0.005524862,0,0,0,0,0,0,0,0,0,0,0.066298343,0.002762431,0,0,0,0,0,0,0,0.005524862,0,0,0.027624309,0,0.005524862,0,0.005524862,0,0.002762431,0,0,0,0,0.005524862,0.005524862,0.013812155,0.002762431,0,0.013812155,0.005524862,0,0,0,0.002762431,0,0,0.002762431,0,0.011049724,0.005524862,0,0,0,0,0,0.002762431,0,0,0.011049724,0,0,0,0,0,0,0.008287293,0.041436464,0.005524862,0,0,0,0.002762431,0,0.011049724,0,0,0,0,0,0,0,0,0.033149171,0,0.002762431,0,0,0,0,0,0.005524862,0,0,0,0,0,0,0.002762431,0,0,0,0,0,0,0,0.008287293,0,0,0.002762431,0,0.005524862,0,0.002762431,0,0,0,0,0.005524862,0.005524862,0,0.005524862,0.022099448,0.013812155,0.008287293,0,0.008287293,0,0,0,0.008287293,0,0,0.002762431,0,0,0.005524862,0,0,0.022099448,0.002762431,0.005524862,0,0,0,0.005524862,0,0.027624309,0,0,0.002762431,0.002762431,0,0,0.005524862,0,0,0,0,0.002762431,0.013812155,0,0,0.013812155,0.024861878,0,0,0,0,0,0.011049724,0,0.002762431,0.019337017,0,0,0.005524862,0,0,0.002762431,0,0,0.002762431,0,0,0,0.002762431,0,0.002762431,0,0,0.008287293,0,0,0,0.002762431,0.002762431,0,0,0,0,0,0,0,0.005524862,0,0,0,0,0.005524862,0,0.005524862,0.002762431,0,0,0,0,0,0,0,0.013812155,0.008287293,0,0,0,0.002762431,0,0,0,0,0,0.002762431,0,0,0,0.002762431,0,0,0,0,0.005524862,0,0,0.002762431,0.002762431,0,0,0,0,0,0,0,0,0,0,0,0,0.005524862,0.033149171,0,0.005524862,0,0,0,0,0,0,0,0.002762431,0,0,0,0,0,0,0,0.002762431,0,0,0.002762431,0.016574586,0,0.008287293,0,0.005524862,0,0,0,0,0,0,0,0.008287293,0,0,0,0.03038674,0,0,0,0.011049724,0,0,0,0.002762431,0,0,0,0,0,0,0,0,0,0,0,0,0.011049724,0,0,0,0,0,0.005524862,0,0,0,0.002762431,0,0,0.002762431,0.044198895,0.002762431,0.005524862,0,0.013812155,0.002762431,0.002762431,0.011049724,0.008287293,0.002762431,0,0,0,0,0,0,0,0,0,0.002762431,0.002762431,0.002762431,0,0,0,0,0,0,0,0,0,0,0,0,0
INGR,2018,0,0,0,0.005102041,0,0,0.007653061,0.022959184,0,0,0,0,0,0,0,0,0,0,0,0,0,0.00255102,0,0,0,0,0,0,0.010204082,0,0.00255102,0,0,0,0,0,0,0,0,0,0.005102041,0,0.00255102,0,0,0,0,0.005102041,0,0.00255102,0,0,0,0,0,0,0.005102041,0,0,0,0,0,0,0,0,0,0,0.076530612,0.005102041,0,0,0,0,0,0,0,0.005102041,0,0,0.028061224,0,0.010204082,0,0.00255102,0,0.005102041,0,0,0,0,0.00255102,0,0.007653061,0.00255102,0,0.007653061,0.005102041,0,0,0,0,0,0,0,0,0.015306122,0.005102041,0,0,0,0,0,0.00255102,0,0,0.015306122,0,0,0,0,0.00255102,0,0.010204082,0.051020408,0.005102041,0,0,0,0.007653061,0,0.012755102,0,0,0,0,0,0,0,0,0.035714286,0,0.00255102,0,0,0,0,0,0.005102041,0,0,0,0,0,0,0.00255102,0,0,0,0,0,0,0,0.007653061,0,0,0,0.00255102,0.005102041,0,0.00255102,0,0,0,0,0,0.00255102,0.00255102,0.005102041,0.012755102,0.012755102,0.005102041,0,0,0,0,0,0.007653061,0,0,0.00255102,0,0,0.005102041,0,0,0.020408163,0,0.010204082,0,0,0,0.007653061,0,0.025510204,0,0,0.00255102,0.00255102,0,0,0.00255102,0,0,0,0,0.005102041,0.012755102,0,0,0.00255102,0.025510204,0,0,0,0,0,0.010204082,0,0.00255102,0.017857143,0,0,0.005102041,0,0,0.005102041,0,0,0.00255102,0,0,0,0.005102041,0,0.00255102,0,0,0.007653061,0,0,0,0.005102041,0.00255102,0,0,0,0,0.00255102,0,0,0.005102041,0,0,0,0,0.007653061,0,0.005102041,0.005102041,0,0,0,0,0,0,0,0.015306122,0.007653061,0,0,0,0.00255102,0,0,0,0,0,0.00255102,0,0,0,0.00255102,0,0,0,0,0.00255102,0.00255102,0,0.00255102,0.00255102,0,0,0,0,0,0,0,0,0,0,0,0,0.005102041,0.033163265,0.00255102,0.00255102,0,0.00255102,0,0,0,0,0,0.00255102,0,0,0,0,0,0,0,0,0,0,0.00255102,0.015306122,0,0.010204082,0,0.005102041,0,0,0,0,0,0,0.00255102,0.007653061,0,0,0,0.038265306,0,0,0,0.010204082,0,0,0,0.00255102,0,0,0,0,0,0,0,0,0,0,0,0,0.010204082,0,0,0,0,0,0.007653061,0,0,0,0.00255102,0,0,0.005102041,0.040816327,0.00255102,0.005102041,0,0.017857143,0.00255102,0.00255102,0.015306122,0.007653061,0.00255102,0,0,0,0,0,0,0,0,0,0.005102041,0.00255102,0,0,0,0,0,0,0,0,0,0,0,0,0,0
K,2012,0,0.004166667,0,0.016666667,0.002083333,0,0.0125,0.010416667,0,0,0,0.002083333,0.004166667,0,0,0,0,0.002083333,0.002083333,0,0,0,0,0,0,0.002083333,0,0,0.002083333,0,0,0,0,0,0,0,0,0,0,0,0.002083333,0.00625,0.002083333,0,0.002083333,0,0,0,0,0,0,0.002083333,0.002083333,0,0,0,0.002083333,0,0,0.008333333,0,0.025,0,0,0,0,0,0.075,0.008333333,0.002083333,0,0,0.002083333,0,0,0,0.002083333,0,0,0.010416667,0,0.004166667,0,0,0,0.00625,0,0,0,0,0,0.008333333,0.008333333,0.002083333,0,0.004166667,0.002083333,0,0,0,0.004166667,0.03125,0.002083333,0,0,0.020833333,0.022916667,0,0,0,0.002083333,0,0,0,0,0.014583333,0,0,0,0,0,0.004166667,0.008333333,0.014583333,0.00625,0,0,0.002083333,0,0,0.008333333,0,0,0,0,0,0,0,0,0.00625,0,0,0,0,0,0,0,0,0,0.004166667,0,0,0,0,0.002083333,0,0.004166667,0,0.002083333,0,0,0,0.002083333,0.004166667,0,0,0,0.0125,0,0,0,0,0,0,0,0,0,0.008333333,0,0.00625,0.010416667,0,0,0,0,0,0.0125,0,0,0,0,0,0.004166667,0,0,0.00625,0.004166667,0.008333333,0.002083333,0,0,0,0,0.066666667,0,0.004166667,0,0,0,0,0,0.002083333,0,0,0,0.010416667,0.008333333,0,0,0,0.004166667,0,0,0.002083333,0,0,0.004166667,0.002083333,0,0,0,0.002083333,0,0,0,0.004166667,0.002083333,0,0.002083333,0.002083333,0,0,0.002083333,0,0,0,0,0.016666667,0,0.004166667,0,0.002083333,0.004166667,0,0,0,0,0,0,0,0.014583333,0,0,0,0,0.008333333,0,0,0.002083333,0,0,0,0,0,0.002083333,0,0.0125,0.022916667,0.002083333,0,0,0.004166667,0.008333333,0,0,0,0,0,0,0,0,0,0,0,0,0,0,0.002083333,0,0.004166667,0,0.002083333,0.004166667,0,0.00625,0.002083333,0,0,0,0,0.002083333,0.004166667,0,0.002083333,0.0125,0.002083333,0.00625,0,0.002083333,0.002083333,0,0,0,0,0.004166667,0,0.002083333,0,0,0.002083333,0,0,0,0.002083333,0,0.010416667,0.01875,0,0.008333333,0,0.008333333,0.002083333,0,0,0,0.002083333,0.008333333,0.008333333,0,0,0,0,0.029166667,0,0.002083333,0,0.008333333,0,0,0.002083333,0,0,0,0,0,0.002083333,0,0.002083333,0,0,0,0,0,0.004166667,0,0,0,0,0,0.010416667,0,0,0,0.008333333,0,0,0.002083333,0.020833333,0,0.002083333,0.002083333,0.0125,0,0,0.020833333,0.002083333,0.004166667,0,0,0,0,0.002083333,0.008333333,0,0,0,0,0,0,0.004166667,0,0,0,0.004166667,0.002083333,0,0,0,0,0,0,0
K,2015,0,0.002994012,0,0.011976048,0.001497006,0,0.002994012,0.008982036,0,0,0,0.00748503,0.002994012,0,0,0,0.001497006,0.002994012,0.001497006,0,0,0,0,0.001497006,0.001497006,0,0,0,0.001497006,0,0,0,0,0,0,0.001497006,0,0,0,0,0.001497006,0.004491018,0.001497006,0,0.002994012,0,0,0.001497006,0,0,0,0.001497006,0.001497006,0,0,0,0.001497006,0,0.001497006,0.00748503,0.001497006,0.020958084,0.002994012,0,0.001497006,0.002994012,0,0.071856287,0.008982036,0.001497006,0,0,0.001497006,0,0,0.001497006,0.002994012,0,0,0.011976048,0,0.011976048,0,0,0,0.004491018,0,0,0,0,0,0.010479042,0.00748503,0.001497006,0,0.005988024,0.005988024,0,0,0.001497006,0.002994012,0.025449102,0.001497006,0,0,0.020958084,0.019461078,0,0,0,0.001497006,0,0,0.002994012,0.002994012,0.011976048,0,0,0,0,0,0.004491018,0.00748503,0.020958084,0.005988024,0,0,0,0.002994012,0,0.00748503,0,0,0,0.002994012,0.001497006,0,0,0,0.013473054,0.002994012,0,0,0,0,0,0.004491018,0,0,0.002994012,0,0,0.001497006,0,0.001497006,0,0.002994012,0,0.001497006,0,0,0,0.001497006,0.002994012,0,0.001497006,0,0.010479042,0,0,0,0,0,0,0,0.004491018,0.004491018,0.010479042,0.002994012,0.005988024,0.00748503,0,0,0,0,0,0.008982036,0,0,0.002994012,0,0,0.002994012,0,0,0.004491018,0.004491018,0.005988024,0,0,0,0,0,0.062874251,0,0.004491018,0,0.001497006,0,0.001497006,0,0.001497006,0,0,0,0.00748503,0.005988024,0,0,0.002994012,0.008982036,0,0,0.001497006,0,0,0.002994012,0.001497006,0,0,0,0.001497006,0,0,0,0.004491018,0.002994012,0,0.001497006,0.001497006,0,0,0.001497006,0,0,0,0,0.011976048,0,0.002994012,0,0.001497006,0.002994012,0,0,0,0,0,0,0,0.01497006,0,0,0,0,0.00748503,0,0,0.004491018,0,0,0,0,0.002994012,0.001497006,0,0.013473054,0.01497006,0.001497006,0,0,0.002994012,0.00748503,0,0,0,0,0,0.002994012,0,0,0,0,0,0,0,0,0.001497006,0,0.002994012,0,0.001497006,0.002994012,0,0.005988024,0.001497006,0,0,0,0,0.001497006,0.002994012,0.001497006,0.001497006,0.008982036,0.001497006,0.004491018,0,0.001497006,0.001497006,0,0,0,0,0.002994012,0,0.001497006,0,0,0.001497006,0,0,0,0.001497006,0.001497006,0.010479042,0.026946108,0,0.013473054,0,0.00748503,0.002994012,0,0,0,0.001497006,0.005988024,0.005988024,0.001497006,0,0,0,0.026946108,0.001497006,0.001497006,0,0.004491018,0,0,0.001497006,0,0,0,0,0,0.001497006,0,0.001497006,0,0,0,0,0,0.001497006,0,0,0,0,0,0.017964072,0,0,0.001497006,0.001497006,0,0,0.002994012,0.034431138,0,0.001497006,0,0.00748503,0,0,0.01497006,0.001497006,0.004491018,0,0,0,0,0.001497006,0.005988024,0,0,0,0.001497006,0,0,0.005988024,0,0,0,0.002994012,0.001497006,0,0,0,0,0,0,0
K,2018,0,0.002229654,0,0.008918618,0.001114827,0,0.002229654,0.00780379,0.001114827,0,0,0.006688963,0.001114827,0,0,0,0.001114827,0.00780379,0.001114827,0,0,0,0,0.001114827,0.001114827,0,0,0,0.002229654,0.001114827,0,0,0,0,0,0.001114827,0,0,0,0,0.001114827,0.003344482,0.001114827,0,0.002229654,0,0,0.002229654,0,0.002229654,0.001114827,0.001114827,0.001114827,0,0,0,0.001114827,0.003344482,0.001114827,0.008918618,0.001114827,0.016722408,0.002229654,0,0.001114827,0,0,0.084726867,0.016722408,0.001114827,0,0.001114827,0.001114827,0,0,0.001114827,0.003344482,0,0,0.011148272,0.001114827,0.008918618,0,0,0.001114827,0.003344482,0,0,0,0,0,0.010033445,0.006688963,0.001114827,0,0.006688963,0.00780379,0,0,0.001114827,0.002229654,0.018952062,0,0,0,0.022296544,0.016722408,0,0,0,0.001114827,0,0,0.002229654,0.002229654,0.012263099,0,0,0,0,0,0.004459309,0.013377926,0.022296544,0.008918618,0.001114827,0.001114827,0.001114827,0.017837235,0,0.00780379,0,0.001114827,0,0.001114827,0.001114827,0,0.001114827,0,0.010033445,0.001114827,0,0,0,0,0,0.001114827,0,0,0.002229654,0,0,0.001114827,0,0.001114827,0,0.002229654,0,0.001114827,0,0,0,0.001114827,0.002229654,0,0.001114827,0,0.005574136,0,0,0,0,0,0,0,0.003344482,0.004459309,0.015607581,0.004459309,0.004459309,0.005574136,0,0,0,0,0,0.006688963,0,0,0.002229654,0,0.002229654,0.002229654,0,0,0.004459309,0.004459309,0.004459309,0.001114827,0,0,0,0,0.072463768,0,0.011148272,0,0.001114827,0,0.001114827,0,0.001114827,0,0,0,0.005574136,0.004459309,0,0,0.002229654,0.012263099,0,0,0.001114827,0.001114827,0,0.002229654,0.001114827,0,0,0,0.002229654,0,0.001114827,0,0.002229654,0.001114827,0,0.002229654,0.001114827,0,0,0.001114827,0,0.001114827,0,0,0.011148272,0.001114827,0.002229654,0,0.001114827,0.002229654,0,0,0,0,0,0,0,0.008918618,0,0,0,0,0.011148272,0,0,0.003344482,0,0,0.001114827,0,0.001114827,0.001114827,0,0.010033445,0.013377926,0.001114827,0,0,0.003344482,0.005574136,0,0,0,0,0,0,0,0,0,0,0,0,0,0,0.001114827,0,0.001114827,0,0.001114827,0.002229654,0.001114827,0.00780379,0.001114827,0,0,0,0,0.001114827,0.002229654,0.012263099,0,0.00780379,0.001114827,0.003344482,0,0.001114827,0.003344482,0,0,0,0,0.002229654,0.001114827,0.002229654,0,0,0.001114827,0,0,0,0.001114827,0.001114827,0.008918618,0.024526198,0,0.02006689,0,0.006688963,0.003344482,0,0,0,0.001114827,0.004459309,0.008918618,0.001114827,0,0,0,0.023411371,0.001114827,0.001114827,0,0.005574136,0,0,0.001114827,0,0,0,0,0,0.001114827,0,0.002229654,0,0,0,0,0,0.003344482,0,0,0,0,0.002229654,0.016722408,0,0,0.001114827,0.001114827,0,0,0.004459309,0.024526198,0,0.001114827,0,0.005574136,0,0,0.015607581,0.001114827,0.003344482,0,0,0,0,0.001114827,0.004459309,0,0,0,0.001114827,0,0,0.005574136,0,0.001114827,0,0.001114827,0.001114827,0,0,0,0,0,0.001114827,0
MKC,2012,0,0,0.003355705,0.003355705,0,0,0.003355705,0.010067114,0,0,0,0.003355705,0.003355705,0,0,0,0,0.003355705,0,0,0,0,0,0,0,0,0,0.003355705,0.030201342,0,0,0,0,0,0,0,0.003355705,0,0,0,0.003355705,0,0,0.003355705,0,0,0.013422819,0.003355705,0,0,0,0,0,0,0,0,0,0.006711409,0,0.010067114,0.006711409,0.013422819,0,0,0,0,0,0.104026846,0.013422819,0.003355705,0,0.003355705,0.006711409,0,0,0,0,0,0,0.013422819,0,0,0,0,0,0,0,0,0,0,0,0.010067114,0.006711409,0,0,0,0.013422819,0,0,0,0,0.003355705,0,0.010067114,0.003355705,0.013422819,0.016778523,0,0,0.003355705,0.003355705,0,0,0,0,0.030201342,0,0,0,0,0,0,0.020134228,0.046979866,0.006711409,0,0,0.003355705,0.016778523,0,0.013422819,0,0,0,0,0,0,0,0,0.003355705,0,0,0,0,0,0,0,0.006711409,0,0,0,0,0.003355705,0,0.006711409,0,0.006711409,0,0,0,0,0,0,0,0,0,0,0.006711409,0.003355705,0,0,0,0,0,0,0,0,0.003355705,0,0.010067114,0,0,0,0.006711409,0,0,0.003355705,0,0,0,0,0,0,0,0,0,0,0.003355705,0,0,0,0,0,0.080536913,0,0.016778523,0,0.006711409,0.003355705,0,0,0,0,0,0,0.006711409,0,0,0,0,0.010067114,0,0,0,0,0,0,0,0,0,0,0,0,0,0,0,0,0,0.003355705,0,0,0,0,0,0.003355705,0,0,0.030201342,0.003355705,0,0,0.006711409,0.010067114,0,0,0,0,0,0,0,0,0,0,0,0.003355705,0.010067114,0,0.006711409,0,0,0,0,0,0,0.010067114,0,0.003355705,0.006711409,0,0,0,0.013422819,0.003355705,0,0,0,0,0,0,0,0,0,0,0,0,0,0,0,0,0,0,0,0,0,0.003355705,0,0,0,0,0,0,0,0,0,0.023489933,0.003355705,0,0,0,0.003355705,0,0,0.003355705,0,0.006711409,0,0,0,0,0,0,0,0,0.003355705,0,0,0.013422819,0,0.003355705,0,0.016778523,0,0,0,0,0,0,0.003355705,0.003355705,0,0,0,0.013422819,0,0,0,0.003355705,0,0.003355705,0,0,0,0,0,0,0,0,0,0,0,0,0,0,0.006711409,0,0,0,0,0,0,0,0,0,0.003355705,0,0,0.003355705,0.053691275,0.003355705,0,0,0,0,0,0.013422819,0,0.010067114,0.003355705,0,0,0,0,0,0,0,0,0,0,0,0,0,0,0,0,0,0,0,0,0,0,0,0
MKC,2015,0,0,0.002392344,0.002392344,0,0,0.002392344,0.007177033,0,0,0,0.002392344,0.002392344,0,0,0,0,0.002392344,0,0,0,0,0,0,0,0,0,0,0.026315789,0,0,0,0,0,0,0,0.002392344,0,0,0,0.002392344,0,0,0,0.002392344,0,0.009569378,0.002392344,0,0,0,0,0,0,0,0,0,0.004784689,0,0.011961722,0.004784689,0.0215311,0,0,0,0,0,0.124401914,0.011961722,0.002392344,0,0.002392344,0.004784689,0,0,0,0,0,0,0.009569378,0,0.009569378,0,0,0,0,0,0,0,0,0,0.009569378,0.0215311,0.004784689,0,0.002392344,0.007177033,0,0,0,0,0.002392344,0,0.007177033,0.002392344,0.016746411,0.016746411,0,0,0.002392344,0.002392344,0,0,0,0.002392344,0.0215311,0,0,0,0,0,0,0.0215311,0.066985646,0.004784689,0,0,0.002392344,0.009569378,0,0.009569378,0,0,0,0,0,0,0,0,0,0,0,0,0,0,0,0.004784689,0.004784689,0,0,0,0,0.002392344,0,0.004784689,0,0.004784689,0,0,0,0,0,0,0,0,0,0,0.004784689,0.002392344,0,0,0,0,0,0,0,0.004784689,0.002392344,0,0.007177033,0,0,0,0.004784689,0,0,0.002392344,0,0,0.002392344,0,0,0,0,0,0,0,0.002392344,0,0,0,0,0,0.093301435,0,0.011961722,0,0.004784689,0.002392344,0,0,0,0,0,0,0.007177033,0,0,0,0.002392344,0.004784689,0,0,0,0,0,0,0,0,0,0,0.002392344,0,0,0,0,0,0,0.002392344,0,0,0,0,0,0.002392344,0,0,0.019138756,0.002392344,0,0,0.004784689,0.007177033,0,0,0,0,0,0,0,0,0,0,0,0.002392344,0.016746411,0,0.004784689,0,0,0,0,0,0,0.007177033,0,0.002392344,0.004784689,0,0,0,0.009569378,0.016746411,0,0,0,0,0,0,0,0,0,0,0,0,0,0,0,0,0,0,0,0.004784689,0,0.002392344,0,0,0,0,0,0,0,0.002392344,0,0.016746411,0.002392344,0,0,0,0.002392344,0,0,0.002392344,0,0.004784689,0,0,0,0,0,0,0,0,0.002392344,0,0,0.011961722,0,0.009569378,0,0.0215311,0,0,0,0,0,0,0.002392344,0.002392344,0,0,0,0.014354067,0,0,0,0.002392344,0,0.002392344,0.002392344,0,0,0,0,0,0,0,0,0,0,0,0,0,0.004784689,0,0,0,0,0.002392344,0.002392344,0,0,0,0.002392344,0,0,0.002392344,0.038277512,0.002392344,0,0,0,0,0.004784689,0.011961722,0,0.007177033,0.002392344,0,0.002392344,0,0,0.002392344,0,0,0,0,0,0,0.004784689,0,0,0,0.002392344,0,0,0,0,0,0,0,0
MKC,2018,0,0,0.001782531,0.001782531,0,0,0.026737968,0.007130125,0,0,0,0.001782531,0.003565062,0,0,0,0,0.003565062,0,0,0,0,0,0,0,0,0,0,0.023172906,0,0,0.001782531,0,0,0,0,0.001782531,0,0,0,0.001782531,0,0,0,0.001782531,0,0.007130125,0.001782531,0,0,0,0,0,0.005347594,0,0,0.001782531,0.005347594,0,0.008912656,0.003565062,0.016042781,0,0,0,0,0,0.10516934,0.010695187,0.001782531,0,0.001782531,0.003565062,0,0,0,0,0,0,0.012477718,0,0.007130125,0,0,0,0,0,0,0,0,0.001782531,0.007130125,0.017825312,0.003565062,0,0.003565062,0.016042781,0,0,0,0,0.007130125,0,0.005347594,0.001782531,0.01426025,0.01426025,0,0,0.001782531,0.001782531,0,0,0,0.001782531,0.035650624,0,0,0,0,0,0,0.01426025,0.055258467,0.003565062,0,0,0.001782531,0.01426025,0,0.019607843,0,0,0,0,0.001782531,0,0,0,0,0,0,0,0,0,0,0.001782531,0.003565062,0.001782531,0,0,0,0.001782531,0,0.003565062,0,0.003565062,0,0,0,0,0.003565062,0.008912656,0.001782531,0.003565062,0,0,0.008912656,0.001782531,0,0,0,0,0,0,0,0.003565062,0.001782531,0,0.003565062,0,0,0,0.003565062,0,0,0.001782531,0,0,0.003565062,0.001782531,0,0,0,0,0,0,0.001782531,0,0,0,0.001782531,0,0.083778966,0,0.01426025,0,0.003565062,0.001782531,0,0,0,0,0,0,0.005347594,0.001782531,0,0,0.001782531,0.008912656,0,0,0,0,0,0,0,0,0,0,0.001782531,0.001782531,0,0,0,0,0,0.001782531,0,0,0,0,0,0.001782531,0,0,0.028520499,0,0,0,0.003565062,0.001782531,0,0,0,0,0,0,0,0.001782531,0,0,0,0.001782531,0.012477718,0,0.003565062,0,0,0,0,0,0.001782531,0.007130125,0,0.001782531,0.003565062,0,0,0,0.007130125,0.01426025,0,0.003565062,0,0,0,0,0,0,0,0,0,0,0,0,0,0,0,0,0,0.003565062,0,0.001782531,0,0,0,0,0,0,0,0.001782531,0,0.016042781,0.001782531,0,0,0,0.003565062,0,0,0.001782531,0,0.003565062,0,0,0,0,0,0,0,0,0.001782531,0,0.001782531,0.008912656,0,0.008912656,0,0.017825312,0,0,0,0,0,0,0.003565062,0,0,0,0,0.01426025,0,0,0,0.003565062,0,0.001782531,0.003565062,0,0,0.001782531,0,0.001782531,0.001782531,0,0.003565062,0,0.001782531,0,0,0,0.007130125,0,0,0,0,0.001782531,0.001782531,0,0,0,0.005347594,0,0.001782531,0.003565062,0.03030303,0.001782531,0,0,0,0,0.003565062,0.016042781,0,0.005347594,0.001782531,0,0.001782531,0,0,0.001782531,0,0,0,0,0,0,0.003565062,0,0,0,0,0,0,0,0,0,0,0,0
NOMD,2018,0,0.006269592,0.001567398,0.007836991,0,0,0.019592476,0.015673981,0,0,0,0.004702194,0.000783699,0.000783699,0.000783699,0.001567398,0,0.000783699,0.001567398,0.001567398,0.000783699,0.004702194,0,0,0.002351097,0.001567398,0.000783699,0,0.007053292,0,0.002351097,0,0,0,0,0.000783699,0,0,0,0,0.002351097,0.007836991,0.001567398,0,0,0.001567398,0.000783699,0,0,0,0,0,0,0,0.000783699,0,0,0,0,0.007053292,0.007836991,0.007053292,0.000783699,0,0,0,0.000783699,0.077586207,0.006269592,0,0,0.000783699,0.002351097,0,0,0.000783699,0.000783699,0.000783699,0,0.018025078,0,0.000783699,0,0,0,0.004702194,0,0.000783699,0,0,0.000783699,0.00862069,0.010971787,0.000783699,0.000783699,0.014106583,0.010188088,0,0,0.001567398,0,0.002351097,0,0.002351097,0.000783699,0.015673981,0.007836991,0,0.000783699,0.000783699,0.010971787,0,0,0.000783699,0,0.014106583,0,0,0.000783699,0.000783699,0,0.002351097,0.009404389,0.030564263,0.002351097,0,0,0.000783699,0.006269592,0,0.007053292,0,0,0,0,0.000783699,0,0,0,0.009404389,0.000783699,0,0,0,0.000783699,0,0,0.003134796,0,0,0.000783699,0,0,0,0.000783699,0,0.000783699,0,0,0,0.000783699,0.009404389,0.009404389,0.000783699,0,0.001567398,0.000783699,0.000783699,0,0.000783699,0.001567398,0,0,0,0.000783699,0.002351097,0.001567398,0.012539185,0.010188088,0.000783699,0.007053292,0.000783699,0,0,0,0,0.004702194,0,0,0.000783699,0,0.000783699,0.001567398,0,0,0.002351097,0.000783699,0.003134796,0.001567398,0,0,0,0.000783699,0.068181818,0,0.002351097,0,0,0.000783699,0.002351097,0.001567398,0.000783699,0,0,0,0.000783699,0.002351097,0.004702194,0,0,0.006269592,0,0,0,0,0,0.001567398,0,0.000783699,0.003918495,0,0.003134796,0,0.000783699,0,0.000783699,0,0,0,0,0,0,0,0.000783699,0.012539185,0.000783699,0,0.021159875,0.001567398,0,0,0.012539185,0.003918495,0.002351097,0.001567398,0,0,0,0,0.000783699,0.007836991,0,0,0.000783699,0.003134796,0.007053292,0.000783699,0.003134796,0.001567398,0,0,0.001567398,0,0.000783699,0.000783699,0,0.014106583,0.003918495,0.000783699,0,0,0.002351097,0.005485893,0.002351097,0,0,0,0,0,0.000783699,0,0,0,0.001567398,0,0.000783699,0,0,0,0,0,0,0,0,0.003918495,0,0,0,0,0.000783699,0,0,0.001567398,0.003134796,0.005485893,0.000783699,0.002351097,0.001567398,0,0.006269592,0,0,0.002351097,0,0.003134796,0,0,0,0.000783699,0.002351097,0,0,0,0,0,0.002351097,0.024294671,0.001567398,0.013322884,0,0.010188088,0.002351097,0.001567398,0,0,0,0,0.003918495,0,0,0,0,0.021943574,0,0.003134796,0,0.002351097,0,0,0,0.001567398,0,0.000783699,0,0.003918495,0.022727273,0.000783699,0.042319749,0.000783699,0,0,0.000783699,0,0.003918495,0,0,0.000783699,0,0.002351097,0.022727273,0,0,0.000783699,0,0,0,0.002351097,0.021159875,0.002351097,0.003134796,0.001567398,0.003918495,0,0,0.007836991,0,0.001567398,0,0,0,0,0.001567398,0.001567398,0,0,0,0.001567398,0,0,0.002351097,0.001567398,0.001567398,0,0,0.003134796,0,0,0,0,0,0,0.002351097
POST,2012,0,0.004098361,0.00136612,0.006830601,0.00273224,0.00273224,0.005464481,0.015027322,0,0.00136612,0,0.006830601,0.004098361,0,0,0,0,0.00136612,0,0.00136612,0,0.00136612,0,0,0,0.00136612,0,0,0.00136612,0.00136612,0,0,0,0,0,0.00273224,0.00136612,0.00136612,0,0.004098361,0.00136612,0.004098361,0,0,0,0.00136612,0,0,0,0,0,0,0,0.004098361,0,0.00136612,0.00273224,0,0,0.005464481,0.00136612,0.004098361,0,0,0.00136612,0,0,0.083333333,0.009562842,0,0,0,0.00273224,0.004098361,0,0,0,0.00136612,0,0.019125683,0,0.00273224,0,0,0,0,0,0.00136612,0,0,0.00136612,0.009562842,0.004098361,0.00136612,0,0.013661202,0.005464481,0,0,0.00273224,0,0.010928962,0,0.00136612,0.00136612,0.010928962,0.009562842,0,0,0,0.00136612,0,0,0,0,0.009562842,0,0.00136612,0,0,0,0.00136612,0.010928962,0.016393443,0,0,0,0,0,0,0.032786885,0.00273224,0,0,0,0.004098361,0,0,0,0.010928962,0,0,0,0,0,0,0,0.00136612,0,0,0.00136612,0,0,0.00136612,0,0,0,0,0,0,0.00136612,0,0.00273224,0,0,0.00136612,0.00136612,0.00136612,0,0.00136612,0.00136612,0,0,0,0.00136612,0,0.00136612,0.008196721,0.006830601,0.00273224,0.010928962,0,0,0,0,0.00136612,0.013661202,0,0,0.00273224,0,0,0,0,0,0.005464481,0.004098361,0.015027322,0.00273224,0,0,0,0,0.102459016,0,0.017759563,0.00136612,0.005464481,0,0,0.00136612,0,0.004098361,0,0,0.00136612,0.00273224,0.00136612,0,0.00136612,0.004098361,0,0,0.00136612,0,0,0.00273224,0,0,0,0.00136612,0.004098361,0.00273224,0,0,0,0,0,0.00273224,0,0,0,0.00136612,0.004098361,0,0,0,0.012295082,0.00136612,0,0,0.00273224,0.004098361,0.005464481,0.00136612,0,0,0,0,0,0.004098361,0,0,0,0.006830601,0.006830601,0,0,0,0,0,0.00136612,0,0.005464481,0,0,0.009562842,0.005464481,0.00136612,0,0,0.005464481,0.005464481,0,0,0.00136612,0.00136612,0.00136612,0,0,0,0,0,0,0,0,0,0.00136612,0,0.00136612,0,0.00136612,0.00136612,0,0.006830601,0,0,0,0.00136612,0,0,0,0,0.004098361,0.008196721,0.00136612,0.006830601,0,0,0.004098361,0,0,0,0,0.004098361,0,0,0,0,0.004098361,0,0,0.00136612,0.00136612,0.00136612,0.00273224,0.031420765,0,0.00136612,0,0,0,0,0,0,0,0,0.006830601,0.00136612,0.013661202,0,0,0.013661202,0,0.00273224,0,0.008196721,0,0,0.00273224,0,0,0,0.00136612,0.008196721,0.008196721,0,0.00273224,0,0,0,0,0,0.032786885,0.00136612,0,0,0,0,0.012295082,0,0,0,0.00136612,0.005464481,0,0,0.030054645,0.005464481,0,0,0.008196721,0,0,0.009562842,0.00136612,0.00136612,0,0,0,0,0.00273224,0.00273224,0,0,0,0,0,0,0.00273224,0,0.00136612,0,0.00136612,0,0,0,0,0,0.00136612,0,0
POST,2015,0.001213592,0.007281553,0.002427184,0.012135922,0.001213592,0.001213592,0.009708738,0.009708738,0,0.001213592,0.001213592,0.004854369,0.001213592,0,0,0,0,0,0,0.001213592,0,0.002427184,0,0,0.001213592,0.001213592,0,0,0.003640777,0.001213592,0.001213592,0,0,0,0,0.001213592,0.001213592,0,0,0,0,0.006067961,0,0,0,0.002427184,0,0,0,0,0,0,0,0.003640777,0,0.001213592,0.002427184,0.003640777,0,0.003640777,0.002427184,0.018203883,0,0,0.001213592,0,0,0.095873786,0.014563107,0,0,0,0.001213592,0.003640777,0,0,0.002427184,0.001213592,0,0.020631068,0,0.002427184,0,0,0,0,0,0,0,0,0.002427184,0.004854369,0.01092233,0.001213592,0,0.009708738,0.01092233,0,0,0,0,0.009708738,0,0.001213592,0.001213592,0.014563107,0.008495146,0,0,0.001213592,0.003640777,0,0,0.001213592,0.001213592,0.009708738,0,0,0,0,0,0.001213592,0.008495146,0.023058252,0,0,0,0,0.004854369,0,0.030339806,0,0,0,0,0.004854369,0,0,0,0.004854369,0,0,0,0,0,0,0,0.001213592,0,0,0.001213592,0,0,0.001213592,0,0,0.002427184,0,0,0,0,0,0.004854369,0,0,0,0.001213592,0.001213592,0,0.001213592,0.001213592,0,0,0,0.001213592,0,0.002427184,0.012135922,0.006067961,0.002427184,0.01092233,0,0,0,0,0.001213592,0.009708738,0,0,0.002427184,0,0,0,0,0,0.008495146,0.002427184,0.012135922,0.003640777,0.008495146,0,0,0,0.07038835,0,0.018203883,0.002427184,0.012135922,0,0,0.001213592,0,0,0,0,0.001213592,0.002427184,0,0,0.001213592,0.006067961,0,0,0.001213592,0,0,0.002427184,0,0,0,0.001213592,0.004854369,0.002427184,0,0,0,0,0.003640777,0.002427184,0,0,0,0,0,0.002427184,0,0,0.008495146,0.001213592,0,0,0.006067961,0.004854369,0.002427184,0.003640777,0,0,0,0,0,0.003640777,0,0,0.001213592,0.003640777,0.004854369,0,0.001213592,0.001213592,0.001213592,0,0.002427184,0,0.003640777,0,0,0.008495146,0.007281553,0.001213592,0,0,0.007281553,0.008495146,0.001213592,0,0.001213592,0.002427184,0,0,0,0,0.002427184,0,0,0,0,0,0.001213592,0,0.002427184,0,0.001213592,0.001213592,0,0.008495146,0,0,0,0.001213592,0,0,0,0,0.004854369,0.006067961,0,0.008495146,0,0,0.002427184,0,0,0,0,0.001213592,0,0,0,0,0.009708738,0,0,0.001213592,0.003640777,0.001213592,0.004854369,0.036407767,0,0.01092233,0,0.001213592,0.001213592,0.001213592,0,0,0,0.001213592,0.003640777,0.004854369,0,0,0,0.023058252,0,0.001213592,0,0.008495146,0,0,0.003640777,0.001213592,0,0,0.001213592,0.006067961,0.008495146,0,0,0,0,0,0,0,0.016990291,0,0,0,0,0,0.012135922,0,0,0,0.004854369,0.004854369,0,0,0.003640777,0,0,0,0.001213592,0,0,0.012135922,0.001213592,0.001213592,0,0.001213592,0,0,0.003640777,0.002427184,0,0,0,0,0,0,0.004854369,0,0.002427184,0,0.001213592,0,0,0,0,0,0.001213592,0,0.001213592
POST,2018,0.00084317,0.004215852,0.002529511,0.011804384,0.00084317,0.00084317,0.013490725,0.007588533,0,0.00084317,0.00084317,0.004215852,0.001686341,0,0,0,0,0,0,0.001686341,0,0.001686341,0,0,0,0.00084317,0,0,0.003372681,0,0.00084317,0,0,0,0,0.00084317,0,0,0,0,0,0.003372681,0.001686341,0,0,0.002529511,0,0.00084317,0,0,0,0,0,0.002529511,0.00084317,0.00084317,0.001686341,0.002529511,0,0.005059022,0.006745363,0.016863406,0.00084317,0,0.00084317,0,0,0.094435076,0.018549747,0,0.005059022,0,0.00084317,0.002529511,0,0,0.001686341,0.001686341,0,0.05227656,0,0.005902192,0,0,0,0,0,0.00084317,0,0,0.00084317,0.004215852,0.010961214,0.00084317,0,0.010118044,0.007588533,0,0,0,0,0.006745363,0,0.002529511,0.00084317,0.018549747,0.006745363,0,0,0.00084317,0.002529511,0,0,0.00084317,0.001686341,0.013490725,0,0,0,0,0,0.00084317,0.011804384,0.031197302,0.00084317,0,0,0.003372681,0.009274874,0,0.024451939,0,0,0.00084317,0.001686341,0.003372681,0,0,0,0.005902192,0.002529511,0,0,0,0,0,0,0.00084317,0.00084317,0.001686341,0.001686341,0,0,0.00084317,0.00084317,0.001686341,0.002529511,0,0,0,0,0,0.003372681,0,0,0,0,0.00084317,0,0,0.00084317,0,0,0,0.00084317,0,0.003372681,0.014333895,0.004215852,0.005059022,0.007588533,0,0,0,0,0.00084317,0.009274874,0,0,0.005059022,0,0.00084317,0.00084317,0,0,0.005059022,0.003372681,0.007588533,0.002529511,0.003372681,0,0,0,0.080944351,0,0.012647555,0.001686341,0.009274874,0,0,0,0.00084317,0,0,0,0.00084317,0.001686341,0.00084317,0,0.002529511,0.005902192,0,0,0.00084317,0,0,0.001686341,0,0,0,0,0.003372681,0.001686341,0,0,0.001686341,0,0.002529511,0.00084317,0,0,0,0,0,0.003372681,0,0,0.017706577,0.00084317,0,0,0.006745363,0.002529511,0.001686341,0.002529511,0,0,0.00084317,0,0,0.002529511,0,0,0,0.003372681,0.005902192,0,0.00084317,0.00084317,0,0,0.001686341,0,0.002529511,0,0,0.007588533,0.005902192,0.001686341,0,0,0.005902192,0.006745363,0.005059022,0.001686341,0.00084317,0.003372681,0,0,0,0,0.001686341,0,0,0.00084317,0,0,0.00084317,0,0.001686341,0,0.00084317,0.00084317,0,0.007588533,0,0,0,0.00084317,0,0,0.00084317,0.002529511,0.004215852,0.006745363,0.001686341,0.003372681,0,0.00084317,0.003372681,0,0,0,0,0.00084317,0,0,0,0,0.006745363,0,0,0.00084317,0.003372681,0.00084317,0.002529511,0.02698145,0,0.007588533,0,0.003372681,0.001686341,0.00084317,0,0,0,0,0.002529511,0.003372681,0,0,0,0.016020236,0,0.00084317,0,0.005902192,0,0,0.002529511,0.00084317,0,0,0.00084317,0.004215852,0.006745363,0,0.005059022,0,0,0,0,0,0.014333895,0,0.004215852,0,0,0,0.010961214,0,0,0,0.005059022,0.003372681,0,0.00084317,0.004215852,0,0,0,0.00084317,0,0,0.008431703,0.00084317,0.00084317,0,0,0.00084317,0,0.00084317,0.002529511,0,0,0,0,0,0,0.004215852,0,0.002529511,0,0.00084317,0,0,0,0,0.00084317,0.00084317,0,0.00084317
SJM,2012,0,0.025,0,0,0,0,0,0,0,0,0,0,0,0,0,0,0,0,0,0.0125,0,0,0,0,0,0,0,0,0,0,0,0,0,0,0,0,0,0,0,0,0,0,0,0,0,0,0,0,0,0,0,0,0,0,0,0,0,0,0,0,0,0,0,0,0,0,0,0,0,0,0,0,0,0,0,0,0,0,0,0.0875,0,0,0,0,0,0,0,0,0,0,0,0,0,0,0,0,0,0,0,0,0,0.0125,0,0,0,0,0,0,0,0,0,0,0,0,0,0,0,0,0,0,0,0,0,0.0125,0,0,0,0,0,0,0.1,0,0,0,0,0,0,0,0,0.0125,0,0,0,0,0,0,0,0,0,0,0,0,0,0,0,0,0,0,0,0,0,0,0,0,0,0,0,0.0625,0,0,0,0,0,0,0,0,0,0,0,0,0,0,0,0,0,0,0,0,0,0,0,0,0,0,0,0,0.0625,0.0125,0,0,0,0,0,0.025,0,0,0,0.0125,0,0,0,0,0,0,0,0,0,0,0,0,0,0,0,0,0,0,0.1,0.05,0.0375,0.0125,0,0,0,0,0,0,0,0,0,0,0,0,0,0,0,0,0,0.275,0,0,0,0,0,0.0125,0,0,0,0,0,0,0,0,0,0,0,0,0,0,0,0,0,0,0,0,0,0,0.0375,0,0,0,0,0,0,0,0,0,0,0,0,0,0,0,0,0,0,0,0,0,0,0,0,0,0,0,0,0,0,0,0,0,0,0,0,0,0,0,0,0,0,0,0,0,0,0,0,0,0,0,0,0,0,0,0,0,0,0,0,0,0,0,0,0,0,0,0,0,0,0,0.025,0,0,0,0.0125,0,0,0,0,0,0,0,0,0,0,0,0,0,0,0,0,0,0,0,0,0,0,0,0,0,0,0,0,0,0,0,0,0,0,0,0,0,0,0,0,0,0,0,0,0,0,0,0,0,0,0,0,0,0,0,0,0,0,0,0,0,0,0,0,0,0,0,0,0
SJM,2015,0,0.041666667,0,0,0,0,0,0,0,0,0,0,0,0,0,0,0,0,0,0.013888889,0,0,0,0,0,0,0,0,0,0,0,0,0,0,0,0,0,0,0,0,0,0,0,0,0,0,0,0,0,0,0,0,0,0,0,0,0,0,0,0,0,0,0,0,0,0,0,0,0,0,0,0,0,0,0,0,0,0,0,0.097222222,0,0,0,0,0,0.013888889,0,0,0,0,0,0,0,0,0,0,0,0,0,0,0,0,0,0,0,0,0,0,0,0,0,0,0,0,0,0,0,0,0,0,0,0,0,0.013888889,0,0,0,0,0,0,0.125,0,0,0,0,0,0,0,0,0.013888889,0,0,0,0,0,0,0,0,0,0,0,0,0,0,0,0,0,0,0,0,0,0,0,0,0,0,0,0.041666667,0,0,0,0,0,0,0,0,0,0,0,0,0,0,0,0,0,0,0,0,0,0,0,0,0,0,0,0,0.041666667,0.013888889,0,0,0,0,0,0.027777778,0,0,0,0.013888889,0,0,0,0,0,0,0,0,0,0,0,0,0,0,0,0,0,0,0.097222222,0.055555556,0.013888889,0.013888889,0,0,0,0,0,0,0,0,0,0,0,0,0,0,0,0,0,0.277777778,0,0,0,0,0,0.013888889,0,0,0,0,0,0,0,0,0,0,0,0,0,0,0,0,0,0,0,0,0,0,0.027777778,0,0,0,0,0,0,0,0,0,0,0,0,0,0,0,0,0,0,0,0,0,0,0,0,0,0,0,0,0,0,0,0,0,0,0,0,0,0,0,0,0,0,0,0,0,0,0,0,0,0,0,0,0,0,0,0,0,0,0,0,0,0,0,0,0,0,0,0,0,0,0,0.027777778,0,0,0,0.013888889,0,0,0,0,0,0,0,0,0,0,0,0,0,0,0,0,0,0,0,0,0,0,0,0,0,0,0,0,0,0,0,0,0,0,0,0,0,0,0,0,0,0,0,0,0,0,0,0,0,0,0,0,0,0,0,0,0,0,0,0,0,0,0,0,0,0,0,0,0
SJM,2018,0,0.04,0,0,0,0,0,0,0,0,0,0,0,0,0,0,0,0,0,0.02,0,0,0,0,0,0,0,0,0,0,0,0,0,0,0,0,0,0,0,0,0,0,0,0,0,0,0,0,0,0,0,0,0,0,0,0,0,0,0,0,0,0,0,0,0,0,0,0,0,0,0,0,0,0,0,0,0,0,0,0.12,0,0,0,0,0,0.02,0,0,0,0,0,0,0,0,0,0,0,0,0,0,0,0,0,0,0,0,0,0,0,0,0,0,0,0,0,0,0,0,0,0,0,0,0,0,0,0,0,0,0,0,0.18,0,0,0,0,0,0,0,0,0.02,0,0,0,0,0,0,0,0,0,0,0,0,0,0,0,0,0,0,0,0,0,0,0,0,0,0,0,0.04,0,0,0,0,0,0,0,0,0,0,0,0,0,0,0,0,0,0,0,0,0,0,0,0,0,0,0,0,0.08,0,0,0,0,0,0,0,0,0.02,0,0,0,0,0,0,0,0,0,0,0,0,0,0,0,0,0,0,0,0,0.14,0.04,0,0,0,0,0,0,0,0,0,0,0,0,0,0,0,0,0,0,0,0.26,0,0,0,0,0,0.02,0,0,0,0,0,0,0,0,0,0,0,0,0,0,0,0,0,0,0,0,0,0,0,0,0,0,0,0,0,0,0,0,0,0,0,0,0,0,0,0,0,0,0,0,0,0,0,0,0,0,0,0,0,0,0,0,0,0,0,0,0,0,0,0,0,0,0,0,0,0,0,0,0,0,0,0,0,0,0,0,0,0,0,0,0,0,0,0,0,0,0,0,0,0,0,0,0,0,0,0,0,0,0,0,0,0,0,0,0,0,0,0,0,0,0,0,0,0,0,0,0,0,0,0,0,0,0,0,0,0,0,0,0,0,0,0,0,0,0,0,0,0,0,0,0,0,0,0,0,0,0,0,0,0,0,0,0,0,0,0,0,0,0,0,0,0,0,0
THS,2012,0,0,0.003533569,0.010600707,0,0,0.017667845,0.021201413,0,0,0,0,0,0,0,0,0,0,0,0,0,0,0,0,0,0.003533569,0,0,0,0,0,0.003533569,0,0,0,0,0,0,0,0,0,0,0,0,0,0,0,0,0,0,0,0,0,0,0,0.003533569,0.003533569,0,0,0.007067138,0.028268551,0,0,0,0,0,0,0.091872792,0.007067138,0,0,0,0.003533569,0,0,0,0,0.003533569,0,0.017667845,0,0.007067138,0,0,0,0,0,0,0,0,0,0.017667845,0.024734982,0,0,0.021201413,0.007067138,0,0,0,0.003533569,0.007067138,0,0.010600707,0,0.010600707,0.010600707,0,0,0.007067138,0.003533569,0,0,0,0,0.028268551,0,0,0,0,0,0,0.021201413,0.06360424,0,0,0,0,0.003533569,0,0.035335689,0,0,0,0,0,0,0,0,0.010600707,0.003533569,0,0,0,0,0,0,0,0,0,0.003533569,0,0,0.003533569,0,0,0,0,0,0,0,0,0,0,0,0,0.003533569,0.021201413,0,0.003533569,0,0,0,0,0,0.003533569,0,0.014134276,0.003533569,0.003533569,0.003533569,0,0,0,0,0,0.007067138,0,0,0.003533569,0,0,0,0,0,0.014134276,0.007067138,0.007067138,0,0,0,0,0,0.056537102,0,0.010600707,0.003533569,0,0,0,0.003533569,0,0,0,0,0,0,0,0,0.003533569,0.010600707,0,0,0,0,0,0,0,0,0,0.003533569,0,0,0,0,0,0,0,0.003533569,0,0,0,0,0,0.003533569,0,0.003533569,0.028268551,0,0,0,0.003533569,0,0,0,0,0,0,0,0,0.003533569,0,0,0,0.003533569,0,0,0.003533569,0,0,0,0,0,0,0,0,0.007067138,0.010600707,0,0,0,0.007067138,0,0,0,0,0,0,0,0,0,0,0,0,0,0,0.003533569,0,0,0.003533569,0,0,0,0,0.003533569,0,0,0,0,0,0,0,0,0,0.021201413,0,0.003533569,0,0,0.007067138,0,0,0,0,0,0,0,0,0,0.007067138,0,0.003533569,0,0,0,0.003533569,0.024734982,0,0,0,0,0,0,0,0,0,0,0.003533569,0.003533569,0,0,0,0.038869258,0,0,0,0.010600707,0,0,0.003533569,0,0,0,0,0,0,0,0,0,0,0,0,0,0.003533569,0,0,0,0,0,0.014134276,0,0,0,0,0,0,0,0.003533569,0,0,0,0.003533569,0,0.007067138,0.017667845,0.003533569,0,0,0,0,0,0,0,0,0,0,0,0,0,0.007067138,0,0,0,0.003533569,0,0,0,0,0,0,0,0
THS,2015,0,0,0.002666667,0.008,0,0,0.016,0.016,0,0,0,0,0.002666667,0,0,0,0,0.005333333,0,0.002666667,0,0,0,0,0,0.002666667,0,0,0.005333333,0,0,0.002666667,0,0,0,0,0,0,0,0,0,0,0,0,0,0,0,0,0,0,0,0,0,0,0,0,0.005333333,0,0,0.005333333,0.021333333,0.002666667,0,0,0,0,0,0.093333333,0.005333333,0,0,0,0.002666667,0,0,0,0,0.002666667,0,0.024,0,0.010666667,0,0,0,0,0,0,0,0,0,0.016,0.026666667,0,0,0.016,0.005333333,0,0,0,0.002666667,0.013333333,0,0.008,0,0.010666667,0.008,0,0,0.005333333,0.002666667,0,0,0,0,0.021333333,0,0,0,0,0,0.002666667,0.026666667,0.053333333,0.002666667,0,0,0,0.005333333,0,0.045333333,0,0,0,0,0,0,0,0,0.010666667,0.002666667,0,0,0,0,0,0,0,0,0,0.002666667,0,0,0.002666667,0,0,0.002666667,0,0,0,0,0,0,0,0,0,0.002666667,0.018666667,0,0.002666667,0,0,0,0,0,0.002666667,0,0.010666667,0.002666667,0.002666667,0.002666667,0,0,0,0,0,0.010666667,0,0,0.002666667,0,0,0,0,0,0.013333333,0.005333333,0.005333333,0,0,0,0,0,0.066666667,0,0.008,0,0,0,0,0.002666667,0,0,0,0,0.002666667,0,0,0,0.002666667,0.008,0,0,0,0,0,0,0,0,0.002666667,0.002666667,0,0,0,0,0,0,0,0.002666667,0,0,0,0,0,0.002666667,0,0.002666667,0.026666667,0,0,0,0.002666667,0.002666667,0,0,0,0,0,0,0,0.002666667,0,0,0,0.002666667,0.002666667,0,0.002666667,0.002666667,0,0,0,0,0,0.002666667,0,0.005333333,0.010666667,0,0,0,0.008,0,0.010666667,0,0,0,0,0,0,0,0,0,0,0,0,0.005333333,0,0,0.002666667,0,0,0,0,0.005333333,0,0,0,0,0,0,0,0,0,0.018666667,0,0.002666667,0,0,0.005333333,0,0,0,0,0,0,0,0,0,0.010666667,0,0,0,0,0,0.002666667,0.018666667,0,0.005333333,0,0.002666667,0.002666667,0.002666667,0,0,0,0,0.002666667,0.002666667,0,0,0,0.042666667,0,0,0,0.013333333,0,0,0.002666667,0,0,0,0,0,0,0,0,0,0,0,0,0,0.002666667,0,0,0,0,0,0.010666667,0,0,0,0,0,0,0,0.002666667,0,0,0,0.002666667,0,0.005333333,0.013333333,0.005333333,0,0,0,0,0,0,0,0,0,0,0,0,0,0.005333333,0,0,0,0.002666667,0,0,0,0,0,0,0,0
THS,2018,0,0,0.004166667,0.00625,0,0,0.010416667,0.008333333,0,0,0,0,0.004166667,0,0,0,0,0.004166667,0,0,0,0,0,0,0,0.002083333,0,0,0.00625,0,0,0.002083333,0,0,0,0,0,0,0,0,0,0.002083333,0,0,0,0,0,0,0,0,0,0,0,0,0,0,0.002083333,0.002083333,0,0.004166667,0.016666667,0,0,0,0,0,0,0.077083333,0.00625,0,0,0,0.002083333,0,0,0,0,0.002083333,0,0.014583333,0,0.008333333,0,0,0,0,0,0,0,0,0,0.01875,0.025,0,0,0.014583333,0.00625,0,0,0,0.004166667,0.0125,0,0.010416667,0,0.010416667,0.008333333,0,0,0.004166667,0.002083333,0,0,0,0,0.025,0,0.002083333,0,0,0,0,0.020833333,0.045833333,0,0,0,0.002083333,0.004166667,0,0.0375,0,0,0,0,0.008333333,0,0,0,0.008333333,0.00625,0,0,0.002083333,0,0,0,0,0,0,0.002083333,0,0,0.002083333,0,0,0.002083333,0,0,0,0,0,0.004166667,0,0,0,0.002083333,0.020833333,0,0.002083333,0,0.002083333,0,0,0,0.002083333,0.002083333,0.022916667,0.002083333,0.004166667,0.002083333,0,0,0,0,0,0.010416667,0,0,0.004166667,0,0,0,0,0,0.010416667,0.00625,0.004166667,0,0,0,0,0,0.070833333,0,0.008333333,0,0,0,0,0.002083333,0,0,0,0,0.002083333,0.002083333,0,0,0.002083333,0.010416667,0,0.002083333,0,0,0,0,0,0,0.002083333,0.002083333,0.002083333,0,0,0,0,0,0,0.002083333,0,0,0,0,0,0.002083333,0,0.002083333,0.029166667,0,0,0,0.002083333,0.004166667,0,0,0,0.002083333,0.002083333,0,0.002083333,0.002083333,0,0,0,0.002083333,0.002083333,0,0.002083333,0.002083333,0,0,0.004166667,0,0.002083333,0.002083333,0.002083333,0.004166667,0.00625,0,0,0,0.00625,0,0.010416667,0.00625,0.002083333,0,0,0,0,0,0,0,0,0,0,0.004166667,0,0,0.002083333,0,0,0,0,0.002083333,0,0,0,0,0,0,0,0,0,0.014583333,0,0.002083333,0,0,0.004166667,0,0,0,0,0,0,0,0,0,0.004166667,0,0,0,0,0,0.002083333,0.014583333,0,0.00625,0,0,0.002083333,0.002083333,0,0.014583333,0,0,0.002083333,0.002083333,0,0,0,0.033333333,0,0,0,0.014583333,0,0,0.002083333,0,0,0,0,0,0,0,0,0,0,0,0,0,0.00625,0,0,0,0,0,0.0125,0.002083333,0,0,0,0,0,0.002083333,0.027083333,0,0.004166667,0,0.00625,0,0.004166667,0.008333333,0.004166667,0,0,0,0,0,0,0,0,0,0,0,0,0,0.004166667,0,0,0,0.002083333,0,0,0,0,0,0,0,0.004166667
TR,2012,0,0,0,0,0,0,0,0.02173913,0,0,0,0.02173913,0,0,0,0,0,0,0,0.02173913,0,0,0,0,0,0,0,0,0,0,0,0,0,0,0,0,0,0,0,0,0,0,0,0,0,0.02173913,0,0,0,0,0,0,0,0,0,0,0,0,0,0,0,0,0,0,0,0,0,0.02173913,0,0,0,0,0,0,0,0,0,0,0,0,0,0.02173913,0,0,0,0,0,0,0,0,0,0.02173913,0.043478261,0,0.02173913,0,0,0,0,0,0,0,0,0,0,0.065217391,0,0,0,0,0,0,0,0,0.02173913,0,0,0,0,0,0,0,0.043478261,0.065217391,0.02173913,0,0,0,0.02173913,0,0,0,0,0,0,0,0,0,0,0.02173913,0,0,0,0,0,0,0,0,0,0,0,0,0,0,0,0,0,0,0,0,0,0,0,0,0,0,0,0,0,0,0,0,0,0,0,0,0,0.02173913,0.02173913,0,0,0,0,0,0,0,0.02173913,0,0,0,0,0,0,0,0,0,0,0,0,0,0,0,0,0.065217391,0,0,0,0,0,0,0,0,0,0,0,0.02173913,0,0,0,0,0.02173913,0,0,0,0,0,0,0,0,0,0,0,0,0,0,0,0,0,0,0,0,0,0,0,0.02173913,0,0,0,0,0,0,0.043478261,0.02173913,0,0,0,0,0,0,0,0.02173913,0,0,0,0,0,0,0,0,0,0,0,0,0,0,0,0,0,0,0,0,0,0,0,0,0,0,0,0,0,0,0,0,0,0,0,0,0,0,0,0,0,0,0,0,0,0,0,0,0,0,0,0,0.02173913,0,0,0,0,0,0.02173913,0,0,0,0,0,0,0,0,0,0,0,0,0,0,0,0,0.02173913,0,0,0,0,0,0,0,0,0,0,0,0,0,0.02173913,0,0.043478261,0,0,0,0,0,0,0,0,0,0,0,0,0,0,0,0,0,0,0,0,0,0,0,0,0,0,0,0,0,0,0,0,0,0.02173913,0,0,0,0,0.02173913,0,0,0.043478261,0,0,0,0,0,0,0,0.02173913,0,0,0,0,0,0,0,0,0,0,0,0,0,0,0,0,0,0,0
TR,2015,0,0.006756757,0,0,0,0,0.006756757,0.013513514,0,0,0,0.006756757,0,0,0,0,0,0,0,0.006756757,0,0,0,0,0,0,0,0,0,0,0,0,0,0,0,0,0,0,0,0,0,0,0,0,0,0,0,0,0,0,0,0,0.006756757,0,0,0,0,0,0,0,0,0.013513514,0,0,0,0,0,0.033783784,0,0,0,0,0,0,0,0,0,0,0,0.006756757,0,0.006756757,0,0,0,0,0,0,0,0.006756757,0,0.013513514,0.013513514,0,0,0.006756757,0,0,0,0,0,0.027027027,0,0,0,0.067567568,0,0,0,0,0.006756757,0,0,0,0.006756757,0.013513514,0,0,0,0,0,0,0.013513514,0.040540541,0.006756757,0,0,0,0.006756757,0,0.006756757,0,0,0,0,0,0,0,0,0.013513514,0,0,0.006756757,0,0,0,0,0,0,0,0,0,0,0,0.006756757,0,0,0,0.006756757,0,0,0,0,0,0,0,0,0.006756757,0.006756757,0,0,0,0,0,0,0,0,0.006756757,0.027027027,0.013513514,0.013513514,0,0,0,0,0,0,0,0,0,0,0,0,0,0,0,0,0,0,0,0,0,0,0.108108108,0.006756757,0,0,0,0,0,0,0,0,0,0,0,0,0,0,0,0.013513514,0,0,0.006756757,0,0,0,0,0,0.006756757,0,0,0,0,0,0,0,0,0,0,0,0,0,0.006756757,0,0,0,0.013513514,0,0,0,0,0.013513514,0,0,0.006756757,0,0,0,0,0.027027027,0,0,0,0,0,0,0.006756757,0,0,0,0,0,0,0,0.006756757,0,0.006756757,0,0,0,0,0.006756757,0,0,0,0,0,0,0,0,0.006756757,0,0,0,0,0.006756757,0,0,0,0,0,0,0,0,0,0,0,0,0,0,0,0,0.006756757,0.033783784,0,0.027027027,0,0,0.006756757,0,0,0,0,0,0,0,0.006756757,0,0,0,0,0,0,0,0.006756757,0.013513514,0,0,0,0,0,0,0.006756757,0,0,0,0,0.006756757,0,0,0,0.101351351,0,0,0,0,0,0,0,0,0,0,0,0,0.006756757,0,0,0,0,0,0,0,0.013513514,0,0,0,0,0,0.013513514,0,0,0,0,0,0,0.006756757,0.006756757,0,0,0,0.006756757,0,0,0,0.013513514,0,0,0,0,0,0,0,0,0,0,0.006756757,0,0,0.006756757,0,0,0,0,0,0,0,0,0,0,0,0
TR,2018,0,0.005813953,0,0,0,0,0.005813953,0.011627907,0,0,0,0.005813953,0,0,0,0,0,0,0,0.01744186,0,0,0,0,0,0,0,0,0,0,0,0,0,0,0,0,0,0,0,0,0,0,0,0,0,0,0,0,0,0,0,0,0.005813953,0,0,0,0,0,0,0,0,0.011627907,0,0,0,0,0,0.029069767,0,0,0,0,0,0,0,0,0,0,0,0.005813953,0,0.005813953,0,0,0,0,0,0,0,0.005813953,0,0.011627907,0.011627907,0,0,0.005813953,0,0,0,0,0,0.023255814,0,0,0,0.063953488,0,0,0,0,0.005813953,0,0,0,0.005813953,0.011627907,0,0,0,0,0,0,0.011627907,0.052325581,0.005813953,0,0,0,0.005813953,0,0.005813953,0,0,0,0,0,0,0,0,0.023255814,0,0,0.005813953,0,0,0,0,0,0,0,0,0,0,0,0.005813953,0,0,0,0.005813953,0,0,0,0,0,0,0,0,0.005813953,0.005813953,0.005813953,0,0,0,0,0,0,0,0.005813953,0.023255814,0.011627907,0.011627907,0,0,0,0,0,0,0,0,0,0,0,0,0,0,0,0,0.005813953,0,0,0,0,0,0.098837209,0.005813953,0,0,0,0,0,0,0,0,0,0,0,0,0,0.005813953,0,0.011627907,0,0,0.005813953,0,0,0,0,0,0.005813953,0,0,0,0,0,0,0,0,0,0,0,0,0,0.005813953,0,0,0,0.01744186,0,0,0,0.005813953,0.011627907,0,0,0.005813953,0,0,0,0,0.029069767,0,0,0,0,0.005813953,0,0.005813953,0.005813953,0,0,0,0,0,0,0.005813953,0,0.005813953,0,0,0,0,0.01744186,0,0,0,0,0,0,0,0,0.005813953,0,0,0,0,0.005813953,0,0,0,0,0,0,0,0,0,0,0,0,0,0,0,0,0.005813953,0.029069767,0,0.023255814,0,0,0.005813953,0,0,0,0,0,0,0,0.005813953,0,0,0,0,0,0,0,0.005813953,0.011627907,0,0,0,0,0,0,0.005813953,0,0,0,0,0.005813953,0,0,0,0.087209302,0,0,0,0,0,0,0,0,0,0.005813953,0.005813953,0,0.005813953,0,0,0,0,0,0,0,0.011627907,0,0,0,0,0,0.011627907,0,0,0,0,0,0,0.01744186,0.005813953,0,0,0,0.011627907,0,0,0,0.011627907,0,0,0,0,0,0,0,0,0,0,0.005813953,0,0,0.005813953,0,0,0,0,0,0,0,0,0,0,0,0
